"id","name","description","invoice_label","sequence","amount","amount_type","type_tax_use","tax_group_id","active","tax_scope","l10n_pt_tax_code","l10n_pt_tax_type","country_region","exemption_id","repartition_line_ids/factor_percent","repartition_line_ids/repartition_type","repartition_line_ids/document_type","repartition_line_ids/tag_ids","repartition_line_ids/account_id","description@pt"
"iva23bens","IVA 23% (Bens)","IVA23","IVA23","0","23","percent","sale","tax_group_iva_23","","consu","NOR","IVA","PT","","","","","","",""
"","","","","","","","","","","","","","","","100","base","invoice","+dp_iva[3]","",""
"","","","","","","","","","","","","","","","100","tax","invoice","+dp_iva[4]","chart_24331",""
"","","","","","","","","","","","","","","","100","base","refund","+dp_base[40]","",""
"","","","","","","","","","","","","","","","100","tax","refund","+dp_iva[40]","chart_24341",""
"iva23serv","IVA 23% (Serviços)","IVA23","IVA23","1","23","percent","sale","tax_group_iva_23","","service","NOR","IVA","PT","","","","","","",""
"","","","","","","","","","","","","","","","100","base","invoice","+dp_iva[3]","",""
"","","","","","","","","","","","","","","","100","tax","invoice","+dp_iva[4]","chart_24333",""
"","","","","","","","","","","","","","","","100","base","refund","+dp_base[40]","",""
"","","","","","","","","","","","","","","","100","tax","refund","+dp_iva[40]","chart_24341",""
"iva23_p_bc","IVA 23% (Bens)","IVA23","IVA23","2","23","percent","purchase","tax_group_iva_23","","consu","NOR","IVA","PT","","","","","","",""
"","","","","","","","","","","","","","","","100","base","invoice","+supplier_annex_base[22]","",""
"","","","","","","","","","","","","","","","100","tax","invoice","+dp_iva[22]","chart_24321",""
"","","","","","","","","","","","","","","","100","base","refund","+dp_base[41]","",""
"","","","","","","","","","","","","","","","100","tax","refund","+dp_iva[41]","chart_24342",""
"iva23_p_im","IVA 23% (Imobilizado)","IVA23","IVA23","3","23","percent","purchase","tax_group_iva_23","","","NOR","IVA","PT","","","","","","",""
"","","","","","","","","","","","","","","","100","base","invoice","+supplier_annex_base[20]","",""
"","","","","","","","","","","","","","","","100","tax","invoice","+dp_iva[20]","chart_24322",""
"","","","","","","","","","","","","","","","100","base","refund","+dp_base[41]","",""
"","","","","","","","","","","","","","","","100","tax","refund","+dp_iva[41]","chart_24342",""
"iva23_p_sc","IVA 23% (Serviços)","IVA23","IVA23","4","23","percent","purchase","tax_group_iva_23","","service","NOR","IVA","PT","","","","","","",""
"","","","","","","","","","","","","","","","100","base","invoice","+supplier_annex_base[24]","",""
"","","","","","","","","","","","","","","","100","tax","invoice","+dp_iva[24]","chart_24323",""
"","","","","","","","","","","","","","","","100","base","refund","+dp_base[41]","",""
"","","","","","","","","","","","","","","","100","tax","refund","+dp_iva[41]","chart_24342",""
"iva23_p_s_ic","IVA 23% (Serviços intracomunitários com ISP)","IVA23","IVA23","5","23","percent","purchase","tax_group_iva_23","","service","NOR","IVA","PT","","","","","","",""
"","","","","","","","","","","","","","","","100","base","invoice","+dp_iva[16] || +supplier_annex_base[24]","",""
"","","","","","","","","","","","","","","","100","tax","invoice","+dp_iva[24]","chart_24323",""
"","","","","","","","","","","","","","","","-100","tax","invoice","-dp_iva[17]","chart_24333",""
"","","","","","","","","","","","","","","","100","base","refund","+dp_base[41] || +dp_base[40] ","",""
"","","","","","","","","","","","","","","","100","tax","refund","+dp_iva[41]","chart_24342",""
"","","","","","","","","","","","","","","","-100","tax","refund","-dp_iva[40]","chart_24341",""
"iva23_p_bc_ic","IVA 23% (Bens intracomunitários com ISP)","IVA23","IVA23","6","23","percent","purchase","tax_group_iva_23","","consu","NOR","IVA","PT","","","","","","",""
"","","","","","","","","","","","","","","","100","base","invoice","+dp_iva[12] || +supplier_annex_base[22]","",""
"","","","","","","","","","","","","","","","100","tax","invoice","+dp_iva[22]","chart_24321",""
"","","","","","","","","","","","","","","","-100","tax","invoice","-dp_iva[13]","chart_24331",""
"","","","","","","","","","","","","","","","100","base","refund","+dp_base[41] || +dp_base[40] ","",""
"","","","","","","","","","","","","","","","100","tax","refund","+dp_iva[41]","chart_24342",""
"","","","","","","","","","","","","","","","-100","tax","refund","-dp_iva[40]","chart_24341",""
"iva23_p_im_ic","IVA 23% (Imobilizados intracomunitários com ISP)","IVA23","IVA23","7","23","percent","purchase","tax_group_iva_23","","","NOR","IVA","PT","","","","","","",""
"","","","","","","","","","","","","","","","100","base","invoice","+dp_iva[12] || +supplier_annex_base[20]","",""
"","","","","","","","","","","","","","","","100","tax","invoice","+dp_iva[20]","chart_24322",""
"","","","","","","","","","","","","","","","-100","tax","invoice","-dp_iva[13]","chart_24332",""
"","","","","","","","","","","","","","","","100","base","refund","+dp_base[41] || +dp_base[40] ","",""
"","","","","","","","","","","","","","","","100","tax","refund","+dp_iva[41]","chart_24342",""
"","","","","","","","","","","","","","","","-100","tax","refund","-dp_iva[40]","chart_24341",""
"iva23_p_bi_i","IVA 23% (Importação de bens com ISP)","IVA23","IVA23","8","23","percent","purchase","tax_group_iva_23","","consu","NOR","IVA","PT","","","","","","",""
"","","","","","","","","","","","","","","","100","base","invoice","+dp_iva[18] || +supplier_annex_base[22]","",""
"","","","","","","","","","","","","","","","100","tax","invoice","+dp_iva[22]","chart_24321",""
"","","","","","","","","","","","","","","","-100","tax","invoice","-dp_iva[19]","chart_24331",""
"","","","","","","","","","","","","","","","100","base","refund","+dp_base[41] || +dp_base[40] ","",""
"","","","","","","","","","","","","","","","100","tax","refund","+dp_iva[41]","chart_24342",""
"","","","","","","","","","","","","","","","-100","tax","refund","-dp_iva[40]","chart_24341",""
"iva23_p_im_i_isp","IVA 23% (Importação de imobilizado com ISP)","IVA23","IVA23","9","23","percent","purchase","tax_group_iva_23","","","NOR","IVA","PT","","","","","","",""
"","","","","","","","","","","","","","","","100","base","invoice","+dp_iva[18] || +supplier_annex_base[20]","",""
"","","","","","","","","","","","","","","","100","tax","invoice","+dp_iva[20]","chart_24322",""
"","","","","","","","","","","","","","","","-100","tax","invoice","-dp_iva[19]","chart_24332",""
"","","","","","","","","","","","","","","","100","base","refund","+dp_base[41] || +dp_base[40] ","",""
"","","","","","","","","","","","","","","","100","tax","refund","+dp_iva[41]","chart_24342",""
"","","","","","","","","","","","","","","","-100","tax","refund","-dp_iva[40]","chart_24341",""
"iva23_p_sp_ex_isp","IVA 23% (Serviços extracomunitários com ISP)","IVA23","IVA23","10","23","percent","purchase","tax_group_iva_23","","service","NOR","IVA","PT","","","","","","",""
"","","","","","","","","","","","","","","","100","base","invoice","+dp_iva[3] || +dp_iva[98] || +supplier_annex_base[24]","",""
"","","","","","","","","","","","","","","","100","tax","invoice","+dp_iva[24]","chart_24323",""
"","","","","","","","","","","","","","","","-100","tax","invoice","-dp_iva[4]","chart_24333",""
"","","","","","","","","","","","","","","","100","base","refund","+dp_base[41] || +dp_base[40] ","",""
"","","","","","","","","","","","","","","","100","tax","refund","+dp_iva[41]","chart_24342",""
"","","","","","","","","","","","","","","","-100","tax","refund","-dp_iva[40]","chart_24341",""
"iva23_p_gasoleo_vlpm_1","IVA 23% (Gasóleo) VLPM - Sujeito a TA (8%)","IVA23","IVA23","11","23","percent","purchase","tax_group_iva_23","","service","NOR","IVA","PT","","","","","","",""
"","","","","","","","","","","","","","","","100","base","invoice","+supplier_annex_base[24]","",""
"","","","","","","","","","","","","","","","50","tax","invoice","","chart_624211122",""
"","","","","","","","","","","","","","","","50","tax","invoice","+dp_iva[24]","chart_24323",""
"","","","","","","","","","","","","","","","100","base","refund","+dp_base[41]","",""
"","","","","","","","","","","","","","","","50","tax","refund","","chart_624211122",""
"","","","","","","","","","","","","","","","50","tax","refund","+dp_iva[41]","chart_24342",""
"iva23_p_gasoleo_vlpm_2","IVA 23% (Gasóleo) VLPM - Sujeito a TA (25%)","IVA23","IVA23","12","23","percent","purchase","tax_group_iva_23","","service","NOR","IVA","PT","","","","","","",""
"","","","","","","","","","","","","","","","100","base","invoice","+supplier_annex_base[24]","",""
"","","","","","","","","","","","","","","","50","tax","invoice","","chart_624211222",""
"","","","","","","","","","","","","","","","50","tax","invoice","+dp_iva[24]","chart_24323",""
"","","","","","","","","","","","","","","","100","base","refund","+dp_base[41]","",""
"","","","","","","","","","","","","","","","50","tax","refund","","chart_624211222",""
"","","","","","","","","","","","","","","","50","tax","refund","+dp_iva[41]","chart_24342",""
"iva23_p_gasoleo_vlpm_3","IVA 23% (Gasóleo) VLPM - Sujeito a TA (32%)","IVA23","IVA23","13","23","percent","purchase","tax_group_iva_23","","service","NOR","IVA","PT","","","","","","",""
"","","","","","","","","","","","","","","","100","base","invoice","+supplier_annex_base[24]","",""
"","","","","","","","","","","","","","","","50","tax","invoice","","chart_624211322",""
"","","","","","","","","","","","","","","","50","tax","invoice","+dp_iva[24]","chart_24323",""
"","","","","","","","","","","","","","","","100","base","refund","+dp_base[41]","",""
"","","","","","","","","","","","","","","","50","tax","refund","","chart_624211322",""
"","","","","","","","","","","","","","","","50","tax","refund","+dp_iva[41]","chart_24342",""
"iva23_p_gasoleo_vlphp_1","IVA 23% (Gasóleo) VLPHP - Sujeito a TA (2,5%)","IVA23","IVA23","14","23","percent","purchase","tax_group_iva_23","","service","NOR","IVA","PT","","","","","","",""
"","","","","","","","","","","","","","","","100","base","invoice","+supplier_annex_base[24]","",""
"","","","","","","","","","","","","","","","50","tax","invoice","","chart_624212122",""
"","","","","","","","","","","","","","","","50","tax","invoice","+dp_iva[24]","chart_24323",""
"","","","","","","","","","","","","","","","100","base","refund","+dp_base[41]","",""
"","","","","","","","","","","","","","","","50","tax","refund","","chart_624212122",""
"","","","","","","","","","","","","","","","50","tax","refund","+dp_iva[41]","chart_24342",""
"iva23_p_gasoleo_vlphp_2","IVA 23% (Gasóleo) VLPHP - Sujeito a TA (7,5%)","IVA23","IVA23","15","23","percent","purchase","tax_group_iva_23","","service","NOR","IVA","PT","","","","","","",""
"","","","","","","","","","","","","","","","100","base","invoice","+supplier_annex_base[24]","",""
"","","","","","","","","","","","","","","","50","tax","invoice","","chart_624212222",""
"","","","","","","","","","","","","","","","50","tax","invoice","+dp_iva[24]","chart_24323",""
"","","","","","","","","","","","","","","","100","base","refund","+dp_base[41]","",""
"","","","","","","","","","","","","","","","50","tax","refund","","chart_624212222",""
"","","","","","","","","","","","","","","","50","tax","refund","+dp_iva[41]","chart_24342",""
"iva23_p_gasoleo_vlphp_3","IVA 23% (Gasóleo) VLPHP - Sujeito a TA (15%)","IVA23","IVA23","16","23","percent","purchase","tax_group_iva_23","","service","NOR","IVA","PT","","","","","","",""
"","","","","","","","","","","","","","","","100","base","invoice","+supplier_annex_base[24]","",""
"","","","","","","","","","","","","","","","50","tax","invoice","","chart_624212322",""
"","","","","","","","","","","","","","","","50","tax","invoice","+dp_iva[24]","chart_24323",""
"","","","","","","","","","","","","","","","100","base","refund","+dp_base[41]","",""
"","","","","","","","","","","","","","","","50","tax","refund","","chart_624212322",""
"","","","","","","","","","","","","","","","50","tax","refund","+dp_iva[41]","chart_24342",""
"iva23_p_gasoleo_gpl_1","IVA 23% (Gasóleo) GPL ou GNV - Sujeito a TA (2,5%)","IVA23","IVA23","17","23","percent","purchase","tax_group_iva_23","","service","NOR","IVA","PT","","","","","","",""
"","","","","","","","","","","","","","","","100","base","invoice","+supplier_annex_base[24]","",""
"","","","","","","","","","","","","","","","50","tax","invoice","","chart_624213122",""
"","","","","","","","","","","","","","","","50","tax","invoice","+dp_iva[24]","chart_24323",""
"","","","","","","","","","","","","","","","100","base","refund","+dp_base[41]","",""
"","","","","","","","","","","","","","","","50","tax","refund","","chart_624213122",""
"","","","","","","","","","","","","","","","50","tax","refund","+dp_iva[41]","chart_24342",""
"iva23_p_gasoleo_gpl_2","IVA 23% (Gasóleo) GPL ou GNV - Sujeito a TA (7,5%)","IVA23","IVA23","18","23","percent","purchase","tax_group_iva_23","","service","NOR","IVA","PT","","","","","","",""
"","","","","","","","","","","","","","","","100","base","invoice","+supplier_annex_base[24]","",""
"","","","","","","","","","","","","","","","50","tax","invoice","","chart_624213222",""
"","","","","","","","","","","","","","","","50","tax","invoice","+dp_iva[24]","chart_24323",""
"","","","","","","","","","","","","","","","100","base","refund","+dp_base[41]","",""
"","","","","","","","","","","","","","","","50","tax","refund","","chart_624213222",""
"","","","","","","","","","","","","","","","50","tax","refund","+dp_iva[41]","chart_24342",""
"iva23_p_gasoleo_gpl_3","IVA 23% (Gasóleo) GPL ou GNV - Sujeito a TA (15%)","IVA23","IVA23","19","23","percent","purchase","tax_group_iva_23","","service","NOR","IVA","PT","","","","","","",""
"","","","","","","","","","","","","","","","100","base","invoice","+supplier_annex_base[24]","",""
"","","","","","","","","","","","","","","","50","tax","invoice","","chart_624213322",""
"","","","","","","","","","","","","","","","50","tax","invoice","+dp_iva[24]","chart_24323",""
"","","","","","","","","","","","","","","","100","base","refund","+dp_base[41]","",""
"","","","","","","","","","","","","","","","50","tax","refund","","chart_624213322",""
"","","","","","","","","","","","","","","","50","tax","refund","+dp_iva[41]","chart_24342",""
"iva13bens","IVA 13% (Bens)","IVA13","IVA13","20","13","percent","sale","tax_group_iva_13","","consu","INT","IVA","PT","","","","","","",""
"","","","","","","","","","","","","","","","100","base","invoice","+dp_iva[5]","",""
"","","","","","","","","","","","","","","","100","tax","invoice","+dp_iva[6]","chart_24331",""
"","","","","","","","","","","","","","","","100","base","refund","+dp_base[40]","",""
"","","","","","","","","","","","","","","","100","tax","refund","+dp_iva[40]","chart_24341",""
"iva13serv","IVA 13% (Serviços)","IVA13","IVA13","21","13","percent","sale","tax_group_iva_13","","service","INT","IVA","PT","","","","","","",""
"","","","","","","","","","","","","","","","100","base","invoice","+dp_iva[5]","",""
"","","","","","","","","","","","","","","","100","tax","invoice","+dp_iva[6]","chart_24333",""
"","","","","","","","","","","","","","","","100","base","refund","+dp_base[40]","",""
"","","","","","","","","","","","","","","","100","tax","refund","+dp_iva[40]","chart_24341",""
"iva13_p_im","IVA 13% (Imobilizado)","IVA13","IVA13","22","13","percent","purchase","tax_group_iva_13","","","INT","IVA","PT","","","","","","",""
"","","","","","","","","","","","","","","","100","base","invoice","+supplier_annex_base[20]","",""
"","","","","","","","","","","","","","","","100","tax","invoice","+dp_iva[20]","chart_24322",""
"","","","","","","","","","","","","","","","100","base","refund","+dp_base[41]","",""
"","","","","","","","","","","","","","","","100","tax","refund","+dp_iva[41]","chart_24342",""
"iva13_p_bc","IVA 13% (Bens)","IVA13","IVA13","23","13","percent","purchase","tax_group_iva_13","","consu","INT","IVA","PT","","","","","","",""
"","","","","","","","","","","","","","","","100","base","invoice","+supplier_annex_base[23]","",""
"","","","","","","","","","","","","","","","100","tax","invoice","+dp_iva[23]","chart_24321",""
"","","","","","","","","","","","","","","","100","base","refund","+dp_base[41]","",""
"","","","","","","","","","","","","","","","100","tax","refund","+dp_iva[41]","chart_24342",""
"iva13_p_sc","IVA 13% (Serviços)","IVA13","IVA13","24","13","percent","purchase","tax_group_iva_13","","service","INT","IVA","PT","","","","","","",""
"","","","","","","","","","","","","","","","100","base","invoice","+supplier_annex_base[24]","",""
"","","","","","","","","","","","","","","","100","tax","invoice","+dp_iva[24]","chart_24323",""
"","","","","","","","","","","","","","","","100","base","refund","+dp_base[41]","",""
"","","","","","","","","","","","","","","","100","tax","refund","+dp_iva[41]","chart_24342",""
"iva13_p_bi_ic","IVA 13% (Bens intracomunitários com ISP)","IVA13","IVA13","25","13","percent","purchase","tax_group_iva_13","","consu","INT","IVA","PT","","","","","","",""
"","","","","","","","","","","","","","","","100","base","invoice","+dp_iva[12] || +supplier_annex_base[23]","",""
"","","","","","","","","","","","","","","","100","tax","invoice","+dp_iva[23]","chart_24321",""
"","","","","","","","","","","","","","","","-100","tax","invoice","-dp_iva[13]","chart_24331",""
"","","","","","","","","","","","","","","","100","base","refund","+dp_base[41] || +dp_base[40] ","",""
"","","","","","","","","","","","","","","","100","tax","refund","+dp_iva[41]","chart_24342",""
"","","","","","","","","","","","","","","","-100","tax","refund","-dp_iva[40]","chart_24341",""
"iva13_p_im_ic","IVA 13% (Imobilizados intracomunitários com ISP)","IVA13","IVA13","26","13","percent","purchase","tax_group_iva_13","","","INT","IVA","PT","","","","","","",""
"","","","","","","","","","","","","","","","100","base","invoice","+dp_iva[12] || +supplier_annex_base[20]","",""
"","","","","","","","","","","","","","","","100","tax","invoice","+dp_iva[20]","chart_24322",""
"","","","","","","","","","","","","","","","-100","tax","invoice","-dp_iva[13]","chart_24332",""
"","","","","","","","","","","","","","","","100","base","refund","+dp_base[41] || +dp_base[40] ","",""
"","","","","","","","","","","","","","","","100","tax","refund","+dp_iva[41]","chart_24342",""
"","","","","","","","","","","","","","","","-100","tax","refund","-dp_iva[40]","chart_24341",""
"iva13_p_s_ic_isp","IVA 13% (Serviços intracomunitários com ISP)","IVA13","IVA13","27","13","percent","purchase","tax_group_iva_13","","service","INT","IVA","PT","","","","","","",""
"","","","","","","","","","","","","","","","100","base","invoice","+dp_iva[16] || +supplier_annex_base[24]","",""
"","","","","","","","","","","","","","","","100","tax","invoice","+dp_iva[24]","chart_24323",""
"","","","","","","","","","","","","","","","-100","tax","invoice","-dp_iva[17]","chart_24333",""
"","","","","","","","","","","","","","","","100","base","refund","+dp_base[41] || +dp_base[40] ","",""
"","","","","","","","","","","","","","","","100","tax","refund","+dp_iva[41]","chart_24342",""
"","","","","","","","","","","","","","","","-100","tax","refund","-dp_iva[40]","chart_24341",""
"iva13_p_bi_i","IVA 13% (Importação de bens com ISP)","IVA13","IVA13","28","13","percent","purchase","tax_group_iva_13","","consu","INT","IVA","PT","","","","","","",""
"","","","","","","","","","","","","","","","100","base","invoice","+dp_iva[18] || +supplier_annex_base[23]","",""
"","","","","","","","","","","","","","","","100","tax","invoice","+dp_iva[23]","chart_24321",""
"","","","","","","","","","","","","","","","-100","tax","invoice","-dp_iva[19]","chart_24331",""
"","","","","","","","","","","","","","","","100","base","refund","+dp_base[41] || +dp_base[40] ","",""
"","","","","","","","","","","","","","","","100","tax","refund","+dp_iva[41]","chart_24342",""
"","","","","","","","","","","","","","","","-100","tax","refund","-dp_iva[40]","chart_24341",""
"iva13_p_im_i_isp","IVA 13% (Importação de imobilizado com ISP)","IVA13","IVA13","29","13","percent","purchase","tax_group_iva_13","","","INT","IVA","PT","","","","","","",""
"","","","","","","","","","","","","","","","100","base","invoice","+dp_iva[18] || +supplier_annex_base[20]","",""
"","","","","","","","","","","","","","","","100","tax","invoice","+dp_iva[20]","chart_24322",""
"","","","","","","","","","","","","","","","-100","tax","invoice","-dp_iva[19]","chart_24332",""
"","","","","","","","","","","","","","","","100","base","refund","+dp_base[41] || +dp_base[40] ","",""
"","","","","","","","","","","","","","","","100","tax","refund","+dp_iva[41]","chart_24342",""
"","","","","","","","","","","","","","","","-100","tax","refund","-dp_iva[40]","chart_24341",""
"iva13_p_sp_ex_isp","IVA 13% (Serviços extracomunitários com ISP)","IVA13","IVA13","30","13","percent","purchase","tax_group_iva_13","","service","INT","IVA","PT","","","","","","",""
"","","","","","","","","","","","","","","","100","base","invoice","+dp_iva[5] || +dp_iva[98] || +supplier_annex_base[24]","",""
"","","","","","","","","","","","","","","","100","tax","invoice","+dp_iva[24]","chart_24323",""
"","","","","","","","","","","","","","","","-100","tax","invoice","-dp_iva[6]","chart_24333",""
"","","","","","","","","","","","","","","","100","base","refund","+dp_base[41] || +dp_base[40] ","",""
"","","","","","","","","","","","","","","","100","tax","refund","+dp_iva[41]","chart_24342",""
"","","","","","","","","","","","","","","","-100","tax","refund","-dp_iva[40]","chart_24341",""
"iva6bens","IVA 6% (Bens)","IVA6","IVA6","31","6","percent","sale","tax_group_iva_6","","consu","RED","IVA","PT","","","","","","",""
"","","","","","","","","","","","","","","","100","base","invoice","+dp_iva[1]","",""
"","","","","","","","","","","","","","","","100","tax","invoice","+dp_iva[2]","chart_24331",""
"","","","","","","","","","","","","","","","100","base","refund","+dp_base[40]","",""
"","","","","","","","","","","","","","","","100","tax","refund","+dp_iva[40]","chart_24341",""
"iva6serv","IVA 6% (Serviços)","IVA6","IVA6","32","6","percent","sale","tax_group_iva_6","","service","RED","IVA","PT","","","","","","",""
"","","","","","","","","","","","","","","","100","base","invoice","+dp_iva[1]","",""
"","","","","","","","","","","","","","","","100","tax","invoice","+dp_iva[2]","chart_24333",""
"","","","","","","","","","","","","","","","100","base","refund","+dp_base[40]","",""
"","","","","","","","","","","","","","","","100","tax","refund","+dp_iva[40]","chart_24341",""
"iva6_p_im","IVA 6% (Imobilizado)","IVA6","IVA6","33","6","percent","purchase","tax_group_iva_6","","","RED","IVA","PT","","","","","","",""
"","","","","","","","","","","","","","","","100","base","invoice","+supplier_annex_base[20]","",""
"","","","","","","","","","","","","","","","100","tax","invoice","+dp_iva[20]","chart_24322",""
"","","","","","","","","","","","","","","","100","base","refund","+dp_base[41]","",""
"","","","","","","","","","","","","","","","100","tax","refund","+dp_iva[41]","chart_24342",""
"iva6_p_bc","IVA 6% (Bens)","IVA6","IVA6","34","6","percent","purchase","tax_group_iva_6","","consu","RED","IVA","PT","","","","","","",""
"","","","","","","","","","","","","","","","100","base","invoice","+supplier_annex_base[21]","",""
"","","","","","","","","","","","","","","","100","tax","invoice","+dp_iva[21]","chart_24321",""
"","","","","","","","","","","","","","","","100","base","refund","+dp_base[41]","",""
"","","","","","","","","","","","","","","","100","tax","refund","+dp_iva[41]","chart_24342",""
"iva6_p_sc","IVA 6% (Serviços)","IVA6","IVA6","35","6","percent","purchase","tax_group_iva_6","","service","RED","IVA","PT","","","","","","",""
"","","","","","","","","","","","","","","","100","base","invoice","+supplier_annex_base[24]","",""
"","","","","","","","","","","","","","","","100","tax","invoice","+dp_iva[24]","chart_24323",""
"","","","","","","","","","","","","","","","100","base","refund","+dp_base[41]","",""
"","","","","","","","","","","","","","","","100","tax","refund","+dp_iva[41]","chart_24342",""
"iva6_p_bi_ic","IVA 6% (Bens intracomunitários com ISP)","IVA6","IVA6","36","6","percent","purchase","tax_group_iva_6","","consu","RED","IVA","PT","","","","","","",""
"","","","","","","","","","","","","","","","100","base","invoice","+dp_iva[12] || +supplier_annex_base[21]","",""
"","","","","","","","","","","","","","","","100","tax","invoice","+dp_iva[21]","chart_24321",""
"","","","","","","","","","","","","","","","-100","tax","invoice","-dp_iva[13]","chart_24331",""
"","","","","","","","","","","","","","","","100","base","refund","+dp_base[41] || +dp_base[40] ","",""
"","","","","","","","","","","","","","","","100","tax","refund","+dp_iva[41]","chart_24342",""
"","","","","","","","","","","","","","","","-100","tax","refund","-dp_iva[40]","chart_24341",""
"iva6_p_im_ic","IVA 6% (Imobilizados intracomunitários com ISP)","IVA6","IVA6","37","6","percent","purchase","tax_group_iva_6","","","RED","IVA","PT","","","","","","",""
"","","","","","","","","","","","","","","","100","base","invoice","+dp_iva[12] || +supplier_annex_base[20]","",""
"","","","","","","","","","","","","","","","100","tax","invoice","+dp_iva[20]","chart_24322",""
"","","","","","","","","","","","","","","","-100","tax","invoice","-dp_iva[13]","chart_24332",""
"","","","","","","","","","","","","","","","100","base","refund","+dp_base[41] || +dp_base[40] ","",""
"","","","","","","","","","","","","","","","100","tax","refund","+dp_iva[41]","chart_24342",""
"","","","","","","","","","","","","","","","-100","tax","refund","-dp_iva[40]","chart_24341",""
"iva6_p_s_ic_isp","IVA 6% (Serviços intracomunitários com ISP)","IVA6","IVA6","38","6","percent","purchase","tax_group_iva_6","","service","RED","IVA","PT","","","","","","",""
"","","","","","","","","","","","","","","","100","base","invoice","+dp_iva[16] || +supplier_annex_base[24]","",""
"","","","","","","","","","","","","","","","100","tax","invoice","+dp_iva[24]","chart_24323",""
"","","","","","","","","","","","","","","","-100","tax","invoice","-dp_iva[17]","chart_24333",""
"","","","","","","","","","","","","","","","100","base","refund","+dp_base[41] || +dp_base[40] ","",""
"","","","","","","","","","","","","","","","100","tax","refund","+dp_iva[41]","chart_24342",""
"","","","","","","","","","","","","","","","-100","tax","refund","-dp_iva[40]","chart_24341",""
"iva6_p_bi_i","IVA 6% (Importação de Bens com ISP)","IVA6","IVA6","39","6","percent","purchase","tax_group_iva_6","","consu","RED","IVA","PT","","","","","","",""
"","","","","","","","","","","","","","","","100","base","invoice","+dp_iva[18] || +supplier_annex_base[21]","",""
"","","","","","","","","","","","","","","","100","tax","invoice","+dp_iva[21]","chart_24321",""
"","","","","","","","","","","","","","","","-100","tax","invoice","-dp_iva[19]","chart_24331",""
"","","","","","","","","","","","","","","","100","base","refund","+dp_base[41] || +dp_base[40] ","",""
"","","","","","","","","","","","","","","","100","tax","refund","+dp_iva[41]","chart_24342",""
"","","","","","","","","","","","","","","","-100","tax","refund","-dp_iva[40]","chart_24341",""
"iva6_p_im_i_isp","IVA 6% (Importação de imobilizado com ISP)","IVA6","IVA6","40","6","percent","purchase","tax_group_iva_6","","","RED","IVA","PT","","","","","","",""
"","","","","","","","","","","","","","","","100","base","invoice","+dp_iva[18] || +supplier_annex_base[20]","",""
"","","","","","","","","","","","","","","","100","tax","invoice","+dp_iva[20]","chart_24322",""
"","","","","","","","","","","","","","","","-100","tax","invoice","-dp_iva[19]","chart_24332",""
"","","","","","","","","","","","","","","","100","base","refund","+dp_base[41] || +dp_base[40] ","",""
"","","","","","","","","","","","","","","","100","tax","refund","+dp_iva[41]","chart_24342",""
"","","","","","","","","","","","","","","","-100","tax","refund","-dp_iva[40]","chart_24341",""
"iva6_p_sp_ex_isp","IVA 6% (Serviços extracomunitários com ISP)","IVA6","IVA6","41","6","percent","purchase","tax_group_iva_6","","service","RED","IVA","PT","","","","","","",""
"","","","","","","","","","","","","","","","100","base","invoice","+dp_iva[1] || +dp_iva[98] || +supplier_annex_base[24]","",""
"","","","","","","","","","","","","","","","100","tax","invoice","+dp_iva[24]","chart_24323",""
"","","","","","","","","","","","","","","","-100","tax","invoice","-dp_iva[2]","chart_24333",""
"","","","","","","","","","","","","","","","100","base","refund","+dp_base[41] || +dp_base[40] ","",""
"","","","","","","","","","","","","","","","100","tax","refund","+dp_iva[41]","chart_24342",""
"","","","","","","","","","","","","","","","-100","tax","refund","-dp_iva[40]","chart_24341",""
"iva0_m01","IVA 0% Artigo 16.º n.º 6 do CIVA","IVA0 - M01","IVA0 - M01","42","0","percent","sale","tax_group_iva_0","","","ISE","IVA","PT","l10n_pt_certificate.m01","","","","","",""
"","","","","","","","","","","","","","","","100","base","invoice","","",""
"","","","","","","","","","","","","","","","100","tax","invoice","","",""
"","","","","","","","","","","","","","","","100","base","refund","","",""
"","","","","","","","","","","","","","","","100","tax","refund","","",""
"iva0_m02","IVA 0% Artigo 6.º do Decreto-Lei n.º 198","IVA0 - M02","IVA0 - M02","43","0","percent","sale","tax_group_iva_0","","","ISE","IVA","PT","l10n_pt_certificate.m02","","","","","",""
"","","","","","","","","","","","","","","","100","base","invoice","+trp_clientes_op","",""
"","","","","","","","","","","","","","","","100","tax","invoice","","",""
"","","","","","","","","","","","","","","","100","base","refund","-trp_clientes_op ","",""
"","","","","","","","","","","","","","","","100","tax","refund","","",""
"iva0_m03","IVA 0% Exigibilidade de caixa","IVA0 - M03","IVA0 - M03","44","0","percent","sale","tax_group_iva_0","","","ISE","IVA","PT","l10n_pt_certificate.m03","","","","","",""
"","","","","","","","","","","","","","","","100","base","invoice","","",""
"","","","","","","","","","","","","","","","100","tax","invoice","","",""
"","","","","","","","","","","","","","","","100","base","refund","","",""
"","","","","","","","","","","","","","","","100","tax","refund","","",""
"iva0_m04","IVA 0% Isento Artigo 13.º do CIVA","IVA0 - M04","IVA0 - M04","45","0","percent","sale","tax_group_iva_0","","","ISE","IVA","PT","l10n_pt_certificate.m04","","","","","",""
"","","","","","","","","","","","","","","","100","base","invoice","+dp_iva[8] || +trp_clientes_op","",""
"","","","","","","","","","","","","","","","100","tax","invoice","","",""
"","","","","","","","","","","","","","","","100","base","refund","-dp_iva[8]","",""
"","","","","","","","","","","","","","","","100","tax","refund","","",""
"iva0_m05","IVA 0% Isento Artigo 14.º do CIVA","IVA0 - M05","IVA0 - M05","46","0","percent","sale","tax_group_iva_0","","","ISE","IVA","PT","l10n_pt_certificate.m05","","","","","",""
"","","","","","","","","","","","","","","","100","base","invoice","+dp_iva[8] || +trp_clientes_exportacao","",""
"","","","","","","","","","","","","","","","100","tax","invoice","","",""
"","","","","","","","","","","","","","","","100","base","refund","-dp_iva[8]","",""
"","","","","","","","","","","","","","","","100","tax","refund","","",""
"iva0_m06","IVA 0% Isento Artigo 15.º do CIVA","IVA0 - M06","IVA0 - M06","47","0","percent","sale","tax_group_iva_0","","","ISE","IVA","PT","l10n_pt_certificate.m06","","","","","",""
"","","","","","","","","","","","","","","","100","base","invoice","+dp_iva[8] || +trp_clientes_op","",""
"","","","","","","","","","","","","","","","100","tax","invoice","","",""
"","","","","","","","","","","","","","","","100","base","refund","-dp_iva[8]","",""
"","","","","","","","","","","","","","","","100","tax","refund","","",""
"iva0_m07","IVA 0% Isento Artigo 9.º do CIVA","IVA0 - M07","IVA0 - M07","48","0","percent","sale","tax_group_iva_0","","","ISE","IVA","PT","l10n_pt_certificate.m07","","","","","",""
"","","","","","","","","","","","","","","","100","base","invoice","+dp_iva[9]","",""
"","","","","","","","","","","","","","","","100","tax","invoice","","",""
"","","","","","","","","","","","","","","","100","base","refund","-dp_iva[9]","",""
"","","","","","","","","","","","","","","","100","tax","refund","","",""
"iva0_m08","IVA 0% Autoliquidação - M08","IVA0 - M08","IVA0 - M08","49","0","percent","sale","tax_group_iva_0","False","","ISE","IVA","PT","l10n_pt_certificate.m08","","","","","",""
"","","","","","","","","","","","","","","","100","base","invoice","","",""
"","","","","","","","","","","","","","","","100","tax","invoice","","",""
"","","","","","","","","","","","","","","","100","base","refund","","",""
"","","","","","","","","","","","","","","","100","tax","refund","","",""
"iva0_m09","IVA 0% não confere direito a dedução","IVA0 - M09","IVA0 - M09","50","0","percent","sale","tax_group_iva_0","","","ISE","IVA","PT","l10n_pt_certificate.m09","","","","","",""
"","","","","","","","","","","","","","","","100","base","invoice","+dp_iva[9]","",""
"","","","","","","","","","","","","","","","100","tax","invoice","","",""
"","","","","","","","","","","","","","","","100","base","refund","","",""
"","","","","","","","","","","","","","","","100","tax","refund","","",""
"iva0_m10","IVA 0% Regime de isenção","IVA0 - M10","IVA0 - M10","51","0","percent","sale","tax_group_iva_0","","","ISE","IVA","PT","l10n_pt_certificate.m10","","","","","",""
"","","","","","","","","","","","","","","","100","base","invoice","","",""
"","","","","","","","","","","","","","","","100","tax","invoice","","",""
"","","","","","","","","","","","","","","","100","base","refund","","",""
"","","","","","","","","","","","","","","","100","tax","refund","","",""
"iva0_m11","IVA 0% Regime particular do tabaco","IVA0 - M11","IVA0 - M11","52","0","percent","sale","tax_group_iva_0","","","ISE","IVA","PT","l10n_pt_certificate.m11","","","","","",""
"","","","","","","","","","","","","","","","100","base","invoice","","",""
"","","","","","","","","","","","","","","","100","tax","invoice","","",""
"","","","","","","","","","","","","","","","100","base","refund","","",""
"","","","","","","","","","","","","","","","100","tax","refund","","",""
"iva0_m12","IVA 0% Regime da margem de lucro - Agências de Viagens","IVA0 - M12","IVA0 - M12","53","0","percent","sale","tax_group_iva_0","","","ISE","IVA","PT","l10n_pt_certificate.m12","","","","","",""
"","","","","","","","","","","","","","","","100","base","invoice","","",""
"","","","","","","","","","","","","","","","100","tax","invoice","","",""
"","","","","","","","","","","","","","","","100","base","refund","","",""
"","","","","","","","","","","","","","","","100","tax","refund","","",""
"iva0_m13","IVA 0% Regime da margem de lucro - Bens em segunda mão","IVA0 - M13","IVA0 - M13","54","0","percent","sale","tax_group_iva_0","","","ISE","IVA","PT","l10n_pt_certificate.m13","","","","","",""
"","","","","","","","","","","","","","","","100","base","invoice","","",""
"","","","","","","","","","","","","","","","100","tax","invoice","","",""
"","","","","","","","","","","","","","","","100","base","refund","","",""
"","","","","","","","","","","","","","","","100","tax","refund","","",""
"iva0_m14","IVA 0% Regime da margem de lucro - Objetos de arte","IVA0 - M14","IVA0 - M14","55","0","percent","sale","tax_group_iva_0","","","ISE","IVA","PT","l10n_pt_certificate.m14","","","","","",""
"","","","","","","","","","","","","","","","100","base","invoice","","",""
"","","","","","","","","","","","","","","","100","tax","invoice","","",""
"","","","","","","","","","","","","","","","100","base","refund","","",""
"","","","","","","","","","","","","","","","100","tax","refund","","",""
"iva0_m15","IVA 0% Regime da margem de lucro - Objetos de coleção e antiguidades","IVA0 - M15","IVA0 - M15","56","0","percent","sale","tax_group_iva_0","","","ISE","IVA","PT","l10n_pt_certificate.m15","","","","","",""
"","","","","","","","","","","","","","","","100","base","invoice","","",""
"","","","","","","","","","","","","","","","100","tax","invoice","","",""
"","","","","","","","","","","","","","","","100","base","refund","","",""
"","","","","","","","","","","","","","","","100","tax","refund","","",""
"iva0_m16","IVA 0% Isento Artigo 14.º do RITI","IVA0 - M16","IVA0 - M16","57","0","percent","sale","tax_group_iva_0","","","ISE","IVA","PT","l10n_pt_certificate.m16","","","","","",""
"","","","","","","","","","","","","","","","100","base","invoice","+dp_iva[7]","",""
"","","","","","","","","","","","","","","","100","tax","invoice","","",""
"","","","","","","","","","","","","","","","100","base","refund","-dp_iva[7]","",""
"","","","","","","","","","","","","","","","100","tax","refund","","",""
"iva0_m19","IVA 0% Outras isenções","IVA0 - M19","IVA0 - M19","58","0","percent","sale","tax_group_iva_0","","","ISE","IVA","PT","l10n_pt_certificate.m19","","","","","",""
"","","","","","","","","","","","","","","","100","base","invoice","","",""
"","","","","","","","","","","","","","","","100","tax","invoice","","",""
"","","","","","","","","","","","","","","","100","base","refund","","",""
"","","","","","","","","","","","","","","","100","tax","refund","","",""
"iva0_m20","IVA 0% Regime forfetário","IVA0 - M20","IVA0 - M20","59","0","percent","sale","tax_group_iva_0","","","ISE","IVA","PT","l10n_pt_certificate.m20","","","","","",""
"","","","","","","","","","","","","","","","100","base","invoice","","",""
"","","","","","","","","","","","","","","","100","tax","invoice","","",""
"","","","","","","","","","","","","","","","100","base","refund","","",""
"","","","","","","","","","","","","","","","100","tax","refund","","",""
"iva0_m21","IVA 0% não confere direito à dedução (ou expressão similar)","IVA0 - M21","IVA0 - M21","60","0","percent","sale","tax_group_iva_0","","","ISE","IVA","PT","l10n_pt_certificate.m21","","","","","",""
"","","","","","","","","","","","","","","","100","base","invoice","","",""
"","","","","","","","","","","","","","","","100","tax","invoice","","",""
"","","","","","","","","","","","","","","","100","base","refund","","",""
"","","","","","","","","","","","","","","","100","tax","refund","","",""
"iva0_m25","IVA 0% Mercadorias à consignação","IVA0 - M25","IVA0 - M25","61","0","percent","sale","tax_group_iva_0","","","ISE","IVA","PT","l10n_pt_certificate.m25","","","","","",""
"","","","","","","","","","","","","","","","100","base","invoice","","",""
"","","","","","","","","","","","","","","","100","tax","invoice","","",""
"","","","","","","","","","","","","","","","100","base","refund","","",""
"","","","","","","","","","","","","","","","100","tax","refund","","",""
"iva0_m30","IVA 0% Autoliquidação - M30","IVA0 - M30","IVA0 - M30","62","23","percent","purchase","tax_group_iva_0","","","ISE","IVA","PT","l10n_pt_certificate.m30","","","","","",""
"","","","","","","","","","","","","","","","100","base","invoice","+dp_iva[3] || +dp_iva[101] || +supplier_annex_base[24]","",""
"","","","","","","","","","","","","","","","100","tax","invoice","+dp_iva[24]","chart_24323",""
"","","","","","","","","","","","","","","","-100","tax","invoice","-dp_iva[4]","chart_24333",""
"","","","","","","","","","","","","","","","100","base","refund","+dp_base[41] || +dp_base[40] ","",""
"","","","","","","","","","","","","","","","100","tax","refund","+dp_iva[41]","chart_24342",""
"","","","","","","","","","","","","","","","-100","tax","refund","-dp_iva[40]","chart_24341",""
"iva0_m30_sale","IVA 0% Autoliquidação - M30 (Vendas)","IVA0 - M30","IVA0 - M30","63","0","percent","sale","tax_group_iva_0","","","ISE","IVA","PT","l10n_pt_certificate.m30","","","","","",""
"","","","","","","","","","","","","","","","100","base","invoice","+dp_iva[8] || +trp_clientes_op","",""
"","","","","","","","","","","","","","","","100","tax","invoice","","",""
"","","","","","","","","","","","","","","","100","base","refund","-dp_iva[8] || -trp_clientes_op","",""
"","","","","","","","","","","","","","","","100","tax","refund","","",""
"iva0_m31","IVA 0% Autoliquidação - M31","IVA0 - M31","IVA0 - M31","64","23","percent","purchase","tax_group_iva_0","","","ISE","IVA","PT","l10n_pt_certificate.m31","","","","","",""
"","","","","","","","","","","","","","","","100","base","invoice","+dp_iva[3] || +dp_iva[102] || +supplier_annex_base[24]","",""
"","","","","","","","","","","","","","","","100","tax","invoice","+dp_iva[24]","chart_24323",""
"","","","","","","","","","","","","","","","-100","tax","invoice","-dp_iva[4]","chart_24333",""
"","","","","","","","","","","","","","","","100","base","refund","+dp_base[41] || +dp_base[40] ","",""
"","","","","","","","","","","","","","","","100","tax","refund","+dp_iva[41]","chart_24342",""
"","","","","","","","","","","","","","","","-100","tax","refund","-dp_iva[40]","chart_24341",""
"iva0_m31_sale","IVA 0% Autoliquidação - M31 (Vendas)","IVA0 - M31","IVA0 - M31","65","0","percent","sale","tax_group_iva_0","","","ISE","IVA","PT","l10n_pt_certificate.m31","","","","","",""
"","","","","","","","","","","","","","","","100","base","invoice","+dp_iva[8] || +trp_clientes_op","",""
"","","","","","","","","","","","","","","","100","tax","invoice","","",""
"","","","","","","","","","","","","","","","100","base","refund","-dp_iva[8] || -trp_clientes_op","",""
"","","","","","","","","","","","","","","","100","tax","refund","","",""
"iva0_m32","IVA 0% Autoliquidação - M32","IVA0 - M32","IVA0 - M32","66","23","percent","purchase","tax_group_iva_0","","","ISE","IVA","PT","l10n_pt_certificate.m32","","","","","",""
"","","","","","","","","","","","","","","","100","base","invoice","+dp_iva[3] || +dp_iva[105] || +supplier_annex_base[24]","",""
"","","","","","","","","","","","","","","","100","tax","invoice","+dp_iva[24]","chart_24323",""
"","","","","","","","","","","","","","","","-100","tax","invoice","-dp_iva[4]","chart_24333",""
"","","","","","","","","","","","","","","","100","base","refund","+dp_base[41] || +dp_base[40] ","",""
"","","","","","","","","","","","","","","","100","tax","refund","+dp_iva[41]","chart_24342",""
"","","","","","","","","","","","","","","","-100","tax","refund","-dp_iva[40]","chart_24341",""
"iva0_m32_sale","IVA 0% Autoliquidação - M32 (Vendas)","IVA0 - M32","IVA0 - M32","67","0","percent","sale","tax_group_iva_0","","","ISE","IVA","PT","l10n_pt_certificate.m32","","","","","",""
"","","","","","","","","","","","","","","","100","base","invoice","+dp_iva[8] || +trp_clientes_op","",""
"","","","","","","","","","","","","","","","100","tax","invoice","","",""
"","","","","","","","","","","","","","","","100","base","refund","-dp_iva[8] || -trp_clientes_op","",""
"","","","","","","","","","","","","","","","100","tax","refund","","",""
"iva0_m33","IVA 0% Autoliquidação - M33","IVA0 - M33","IVA0 - M33","68","23","percent","purchase","tax_group_iva_0","","","ISE","IVA","PT","l10n_pt_certificate.m33","","","","","",""
"","","","","","","","","","","","","","","","100","base","invoice","+dp_iva[3] || +dp_iva[107] || +supplier_annex_base[24]","",""
"","","","","","","","","","","","","","","","100","tax","invoice","+dp_iva[24]","chart_24323",""
"","","","","","","","","","","","","","","","-100","tax","invoice","-dp_iva[4]","chart_24333",""
"","","","","","","","","","","","","","","","100","base","refund","+dp_base[41] || +dp_base[40] ","",""
"","","","","","","","","","","","","","","","100","tax","refund","+dp_iva[41]","chart_24342",""
"","","","","","","","","","","","","","","","-100","tax","refund","-dp_iva[40]","chart_24341",""
"iva0_m33_sale","IVA 0% Autoliquidação - M33 (Vendas)","IVA0 - M33","IVA0 - M33","69","0","percent","sale","tax_group_iva_0","","","ISE","IVA","PT","l10n_pt_certificate.m33","","","","","",""
"","","","","","","","","","","","","","","","100","base","invoice","+dp_iva[8]","",""
"","","","","","","","","","","","","","","","100","tax","invoice","","",""
"","","","","","","","","","","","","","","","100","base","refund","-dp_iva[8]","",""
"","","","","","","","","","","","","","","","100","tax","refund","","",""
"iva0_m40_intra","IVA 0% Autoliquidação - M40 (intracomunitário)","IVA0 - M40","IVA0 - M40","70","23","percent","purchase","tax_group_iva_0","","","ISE","IVA","PT","l10n_pt_certificate.m40","","","","","",""
"","","","","","","","","","","","","","","","100","base","invoice","+dp_iva[3] || +dp_iva[97]  || +supplier_annex_base[24]","",""
"","","","","","","","","","","","","","","","100","tax","invoice","+dp_iva[24]","chart_24323",""
"","","","","","","","","","","","","","","","-100","tax","invoice","-dp_iva[4]","chart_24333",""
"","","","","","","","","","","","","","","","100","base","refund","+dp_base[41] || +dp_base[40] ","",""
"","","","","","","","","","","","","","","","100","tax","refund","+dp_iva[41]","chart_24342",""
"","","","","","","","","","","","","","","","-100","tax","refund","-dp_iva[40]","chart_24341",""
"iva0_m40_extra","IVA 0% Autoliquidação - M40 (extracomunitário)","IVA0 - M40","IVA0 - M40","70","23","percent","purchase","tax_group_iva_0","","","ISE","IVA","PT","l10n_pt_certificate.m40","","","","","",""
"","","","","","","","","","","","","","","","100","base","invoice","+dp_iva[3] || +dp_iva[98]  || +supplier_annex_base[24]","",""
"","","","","","","","","","","","","","","","100","tax","invoice","+dp_iva[24]","chart_24323",""
"","","","","","","","","","","","","","","","-100","tax","invoice","-dp_iva[4]","chart_24333",""
"","","","","","","","","","","","","","","","100","base","refund","+dp_base[41] || +dp_base[40] ","",""
"","","","","","","","","","","","","","","","100","tax","refund","+dp_iva[41]","chart_24342",""
"","","","","","","","","","","","","","","","-100","tax","refund","-dp_iva[40]","chart_24341",""
"iva0_m40_sale_intra","IVA 0% Autoliquidação - M40 Intracomunitário","IVA0 - M40","IVA0 - M40","71","0","percent","sale","tax_group_iva_0","","","ISE","IVA","PT","l10n_pt_certificate.m40","","","","","",""
"","","","","","","","","","","","","","","","100","base","invoice","+dp_iva[7]","",""
"","","","","","","","","","","","","","","","100","tax","invoice","","",""
"","","","","","","","","","","","","","","","100","base","refund","-dp_iva[7]","",""
"","","","","","","","","","","","","","","","100","tax","refund","","",""
"iva0_m40_sale_extra","IVA 0% Autoliquidação - M40 Extracomunitário","IVA0 - M40","IVA0 - M40","72","0","percent","sale","tax_group_iva_0","False","","ISE","IVA","PT","l10n_pt_certificate.m40","","","","","",""
"","","","","","","","","","","","","","","","100","base","invoice","+dp_iva[8]","",""
"","","","","","","","","","","","","","","","100","tax","invoice","","",""
"","","","","","","","","","","","","","","","100","base","refund","-dp_iva[8]","",""
"","","","","","","","","","","","","","","","100","tax","refund","","",""
"iva0_m41","IVA 0% Autoliquidação - M41","IVA0 - M41","IVA0 - M41","73","23","percent","purchase","tax_group_iva_0","","","ISE","IVA","PT","l10n_pt_certificate.m41","","","","","",""
"","","","","","","","","","","","","","","","100","base","invoice","+dp_iva[3] || +supplier_annex_base[24]","",""
"","","","","","","","","","","","","","","","100","tax","invoice","+dp_iva[24]","",""
"","","","","","","","","","","","","","","","-100","tax","invoice","-dp_iva[4]","",""
"","","","","","","","","","","","","","","","100","base","refund","+dp_base[41] || +dp_base[40] ","",""
"","","","","","","","","","","","","","","","100","tax","refund","+dp_iva[41]","",""
"","","","","","","","","","","","","","","","-100","tax","refund","-dp_iva[40]","",""
"iva0_m41_sale","IVA 0% Autoliquidação - M41 (Vendas)","","","74","0","percent","sale","tax_group_iva_0","","","ISE","IVA","PT","l10n_pt_certificate.m41","","","","","",""
"","","","","","","","","","","","","","","","100","base","invoice","","",""
"","","","","","","","","","","","","","","","100","tax","invoice","","",""
"","","","","","","","","","","","","","","","100","base","refund","","",""
"","","","","","","","","","","","","","","","100","tax","refund","","",""
"iva0_m42","IVA 0% Autoliquidação - M42","IVA0 - M42","IVA0 - M42","75","23","percent","purchase","tax_group_iva_0","","","ISE","IVA","PT","l10n_pt_certificate.m42","","","","","",""
"","","","","","","","","","","","","","","","100","base","invoice","+dp_iva[3] || +dp_iva[100]  || +supplier_annex_base[24]","",""
"","","","","","","","","","","","","","","","100","tax","invoice","+dp_iva[24]","chart_24323",""
"","","","","","","","","","","","","","","","-100","tax","invoice","-dp_iva[4]","chart_24333",""
"","","","","","","","","","","","","","","","100","base","refund","+dp_base[41] || +dp_base[40] ","",""
"","","","","","","","","","","","","","","","100","tax","refund","+dp_iva[41]","chart_24342",""
"","","","","","","","","","","","","","","","-100","tax","refund","-dp_iva[40]","chart_24341",""
"iva0_m42_sale","IVA 0% Autoliquidação - M42 (Vendas)","IVA0 - M42","IVA0 - M42","76","0","percent","sale","tax_group_iva_0","","","ISE","IVA","PT","l10n_pt_certificate.m42","","","","","",""
"","","","","","","","","","","","","","","","100","base","invoice","+dp_iva[8] || +trp_clientes_op","",""
"","","","","","","","","","","","","","","","100","tax","invoice","","",""
"","","","","","","","","","","","","","","","100","base","refund","-dp_iva[8] || -trp_clientes_op","",""
"","","","","","","","","","","","","","","","100","tax","refund","","",""
"iva0_m43","IVA 0% Autoliquidação - M43","IVA0 - M43","IVA0 - M43","77","23","percent","purchase","tax_group_iva_0","","","ISE","IVA","PT","l10n_pt_certificate.m43","","","","","",""
"","","","","","","","","","","","","","","","100","base","invoice","+dp_iva[3] || +dp_iva[99]  || +supplier_annex_base[24]","",""
"","","","","","","","","","","","","","","","100","tax","invoice","+dp_iva[24]","chart_24323",""
"","","","","","","","","","","","","","","","-100","tax","invoice","-dp_iva[4]","chart_24333",""
"","","","","","","","","","","","","","","","100","base","refund","+dp_base[41] || +dp_base[40] ","",""
"","","","","","","","","","","","","","","","100","tax","refund","+dp_iva[41]","chart_24342",""
"","","","","","","","","","","","","","","","-100","tax","refund","-dp_iva[40]","chart_24341",""
"iva0_m43_sale","IVA 0% Autoliquidação - M43 (Vendas)","IVA0 - M43","IVA0 - M43","78","0","percent","sale","tax_group_iva_0","","","ISE","IVA","PT","l10n_pt_certificate.m43","","","","","",""
"","","","","","","","","","","","","","","","100","base","invoice","+dp_iva[8] || +trp_clientes_op","",""
"","","","","","","","","","","","","","","","100","tax","invoice","","",""
"","","","","","","","","","","","","","","","100","base","refund","-dp_iva[8] || -trp_clientes_op","",""
"","","","","","","","","","","","","","","","100","tax","refund","","",""
"iva0_m44_sale","IVA 0% Autoliquidação - M44","IVA0 - M44","IVA0 - M44","72","0","percent","sale","tax_group_iva_0","","","ISE","IVA","PT","l10n_pt_certificate.m44","","","","","",""
"","","","","","","","","","","","","","","","100","base","invoice","+dp_iva[8] || +trp_clientes_op_estrangeiro","",""
"","","","","","","","","","","","","","","","100","tax","invoice","","",""
"","","","","","","","","","","","","","","","100","base","refund","-dp_iva[8] || -trp_clientes_op_estrangeiro","",""
"","","","","","","","","","","","","","","","100","tax","refund","","",""
"iva0_m99","IVA 0% Não sujeito","","","","","","","","","","","","","","","","","","",""
"","","","","","","","","","","","","","","","100","base","invoice","","",""
"","","","","","","","","","","","","","","","100","tax","invoice","","",""
"","","","","","","","","","","","","","","","100","base","refund","","",""
"","","","","","","","","","","","","","","","100","tax","refund","","",""
"iva16bens","IVA 16% (Bens)","IVA16","IVA16","79","16","percent","sale","tax_group_iva_16","","consu","NOR","IVA","PT-AC","","","","","","",""
"","","","","","","","","","","","","","","","100","base","invoice","+dp_iva_r_ac[3]","",""
"","","","","","","","","","","","","","","","100","tax","invoice","+dp_iva[66] || +dp_iva_r_ac[4]","chart_24331",""
"","","","","","","","","","","","","","","","100","base","refund","+dp_base[40]","",""
"","","","","","","","","","","","","","","","100","tax","refund","+dp_iva[40]","chart_24341",""
"iva16serv","IVA 16% (Serviços)","IVA16","IVA16","80","16","percent","sale","tax_group_iva_16","","service","NOR","IVA","PT-AC","","","","","","",""
"","","","","","","","","","","","","","","","100","base","invoice","+dp_iva_r_ac[3]","",""
"","","","","","","","","","","","","","","","100","tax","invoice","+dp_iva[66] || +dp_iva_r_ac[4]","chart_24333",""
"","","","","","","","","","","","","","","","100","base","refund","+dp_base[40]","",""
"","","","","","","","","","","","","","","","100","tax","refund","+dp_iva[40]","chart_24341",""
"iva16_p_im","IVA 16% (Imobilizado)","IVA16","IVA16","81","16","percent","purchase","tax_group_iva_16","","","NOR","IVA","PT-AC","","","","","","",""
"","","","","","","","","","","","","","","","100","base","invoice","+supplier_annex_base[20]","",""
"","","","","","","","","","","","","","","","100","tax","invoice","+dp_iva[65] || +dp_iva_r_ac[20]","chart_24322",""
"","","","","","","","","","","","","","","","100","base","refund","+dp_base[41]","",""
"","","","","","","","","","","","","","","","100","tax","refund","+dp_iva[41]","chart_24342",""
"iva16_p_bc","IVA 16% (Bens)","IVA16","IVA16","82","16","percent","purchase","tax_group_iva_16","","consu","NOR","IVA","PT-AC","","","","","","",""
"","","","","","","","","","","","","","","","100","base","invoice","+supplier_annex_base[22]","",""
"","","","","","","","","","","","","","","","100","tax","invoice","+dp_iva[65] || +dp_iva_r_ac[22]","chart_24321",""
"","","","","","","","","","","","","","","","100","base","refund","+dp_base[41]","",""
"","","","","","","","","","","","","","","","100","tax","refund","+dp_iva[41]","chart_24342",""
"iva16_p_sc","IVA 16% (Serviços)","IVA16","IVA16","93","16","percent","purchase","tax_group_iva_16","","service","NOR","IVA","PT-AC","","","","","","",""
"","","","","","","","","","","","","","","","100","base","invoice","+supplier_annex_base[24]","",""
"","","","","","","","","","","","","","","","100","tax","invoice","+dp_iva[65] || +dp_iva_r_ac[24]","chart_24323",""
"","","","","","","","","","","","","","","","100","base","refund","+dp_base[41]","",""
"","","","","","","","","","","","","","","","100","tax","refund","+dp_iva[41]","chart_24342",""
"iva16_p_s_ic","IVA 16% (Serviços intracomunitários com ISP)","IVA16","IVA16","84","16","percent","purchase","tax_group_iva_16","","service","NOR","IVA","PT-AC","","","","","","",""
"","","","","","","","","","","","","","","","100","base","invoice","+dp_iva_r_ac[16] || +supplier_annex_base[24]","",""
"","","","","","","","","","","","","","","","100","tax","invoice","+dp_iva[65] || +dp_iva_r_ac[24]","chart_24323",""
"","","","","","","","","","","","","","","","-100","tax","invoice","-dp_iva[66] || -dp_iva_r_ac[17]","chart_24333",""
"","","","","","","","","","","","","","","","100","base","refund","+dp_base[41] || +dp_base[40] ","",""
"","","","","","","","","","","","","","","","100","tax","refund","+dp_iva[41]","chart_24342",""
"","","","","","","","","","","","","","","","-100","tax","refund","-dp_iva[40]","chart_24341",""
"iva16_p_bc_ic","IVA 16% (Bens intracomunitários com ISP)","IVA16","IVA16","85","16","percent","purchase","tax_group_iva_16","","consu","NOR","IVA","PT-AC","","","","","","",""
"","","","","","","","","","","","","","","","100","base","invoice","+dp_iva_r_ac[12] || +supplier_annex_base[22]","",""
"","","","","","","","","","","","","","","","100","tax","invoice","+dp_iva[65] || +dp_iva_r_ac[22]","chart_24321",""
"","","","","","","","","","","","","","","","-100","tax","invoice","-dp_iva[66] || -dp_iva_r_ac[13]","chart_24331",""
"","","","","","","","","","","","","","","","100","base","refund","+dp_base[41] || +dp_base[40] ","",""
"","","","","","","","","","","","","","","","100","tax","refund","+dp_iva[41]","chart_24342",""
"","","","","","","","","","","","","","","","-100","tax","refund","-dp_iva[40]","chart_24341",""
"iva16_p_im_ic","IVA 16% (Imobilizados intracomunitários com ISP)","IVA16","IVA16","86","16","percent","purchase","tax_group_iva_16","","","NOR","IVA","PT-AC","","","","","","",""
"","","","","","","","","","","","","","","","100","base","invoice","+dp_iva_r_ac[12] || +supplier_annex_base[20]","",""
"","","","","","","","","","","","","","","","100","tax","invoice","+dp_iva[65] || +dp_iva_r_ac[20]","chart_24322",""
"","","","","","","","","","","","","","","","-100","tax","invoice","-dp_iva[66] || -dp_iva_r_ac[13]","chart_24332",""
"","","","","","","","","","","","","","","","100","base","refund","+dp_base[41] || +dp_base[40] ","",""
"","","","","","","","","","","","","","","","100","tax","refund","+dp_iva[41]","chart_24342",""
"","","","","","","","","","","","","","","","-100","tax","refund","-dp_iva[40]","chart_24341",""
"iva16_p_bi_i","IVA 16% (Importação de bens com ISP)","IVA16","IVA16","87","16","percent","purchase","tax_group_iva_16","","consu","NOR","IVA","PT-AC","","","","","","",""
"","","","","","","","","","","","","","","","100","base","invoice","+dp_iva_r_ac[18] || +supplier_annex_base[22]","",""
"","","","","","","","","","","","","","","","100","tax","invoice","+dp_iva[65] || +dp_iva_r_ac[22]","chart_24321",""
"","","","","","","","","","","","","","","","-100","tax","invoice","-dp_iva[66] || -dp_iva_r_ac[19]","chart_24331",""
"","","","","","","","","","","","","","","","100","base","refund","+dp_base[41] || +dp_base[40] ","",""
"","","","","","","","","","","","","","","","100","tax","refund","+dp_iva[41]","chart_24342",""
"","","","","","","","","","","","","","","","-100","tax","refund","-dp_iva[40]","chart_24341",""
"iva16_p_im_i_isp","IVA 16% (Importação de imobilizado com ISP)","IVA16","IVA16","88","16","percent","purchase","tax_group_iva_16","","","NOR","IVA","PT-AC","","","","","","",""
"","","","","","","","","","","","","","","","100","base","invoice","+dp_iva_r_ac[18] || +supplier_annex_base[20]","",""
"","","","","","","","","","","","","","","","100","tax","invoice","+dp_iva[65] || +dp_iva_r_ac[20]","chart_24322",""
"","","","","","","","","","","","","","","","-100","tax","invoice","-dp_iva[66] || -dp_iva_r_ac[19]","chart_24332",""
"","","","","","","","","","","","","","","","100","base","refund","+dp_base[41] || +dp_base[40] ","",""
"","","","","","","","","","","","","","","","100","tax","refund","+dp_iva[41]","chart_24342",""
"","","","","","","","","","","","","","","","-100","tax","refund","-dp_iva[40]","chart_24341",""
"iva16_p_sp_ex_isp","IVA 16% (Serviços extracomunitários com ISP)","IVA16","IVA16","89","16","percent","purchase","tax_group_iva_16","","service","NOR","IVA","PT-AC","","","","","","",""
"","","","","","","","","","","","","","","","100","base","invoice","+dp_iva_r_ac[3] || +dp_iva_r_ac[66] || +supplier_annex_base[24]","",""
"","","","","","","","","","","","","","","","100","tax","invoice","+dp_iva[65] || +dp_iva_r_ac[24]","chart_24323",""
"","","","","","","","","","","","","","","","-100","tax","invoice","-dp_iva[66] || -dp_iva_r_ac[4]","chart_24333",""
"","","","","","","","","","","","","","","","100","base","refund","+dp_base[41] || +dp_base[40] ","",""
"","","","","","","","","","","","","","","","100","tax","refund","+dp_iva[41]","chart_24342",""
"","","","","","","","","","","","","","","","-100","tax","refund","-dp_iva[40]","chart_24341",""
"iva9bens","IVA 9% (Bens)","IVA9","IVA9","90","9","percent","sale","tax_group_iva_9","","consu","INT","IVA","PT-AC","","","","","","",""
"","","","","","","","","","","","","","","","100","base","invoice","+dp_iva_r_ac[5]","",""
"","","","","","","","","","","","","","","","100","tax","invoice","+dp_iva[66] || +dp_iva_r_ac[6]","chart_24331",""
"","","","","","","","","","","","","","","","100","base","refund","+dp_base[40]","",""
"","","","","","","","","","","","","","","","100","tax","refund","+dp_iva[40]","chart_24341",""
"iva9serv","IVA 9% (Serviços)","IVA9","IVA9","91","9","percent","sale","tax_group_iva_9","","service","INT","IVA","PT-AC","","","","","","",""
"","","","","","","","","","","","","","","","100","base","invoice","+dp_iva_r_ac[5]","",""
"","","","","","","","","","","","","","","","100","tax","invoice","+dp_iva[66] || +dp_iva_r_ac[6]","chart_24333",""
"","","","","","","","","","","","","","","","100","base","refund","+dp_base[40]","",""
"","","","","","","","","","","","","","","","100","tax","refund","+dp_iva[40]","chart_24341",""
"iva9_p_im","IVA 9% (Imobilizado)","IVA9","IVA9","92","9","percent","purchase","tax_group_iva_9","","","INT","IVA","PT-AC","","","","","","",""
"","","","","","","","","","","","","","","","100","base","invoice","+supplier_annex_base[20]","",""
"","","","","","","","","","","","","","","","100","tax","invoice","+dp_iva[65] || +dp_iva_r_ac[20]","chart_24322",""
"","","","","","","","","","","","","","","","100","base","refund","+dp_base[41]","",""
"","","","","","","","","","","","","","","","100","tax","refund","+dp_iva[41]","chart_24342",""
"iva9_p_bc","IVA 9% (Bens)","IVA9","IVA9","93","9","percent","purchase","tax_group_iva_9","","consu","INT","IVA","PT-AC","","","","","","",""
"","","","","","","","","","","","","","","","100","base","invoice","+supplier_annex_base[23]","",""
"","","","","","","","","","","","","","","","100","tax","invoice","+dp_iva[65] || +dp_iva_r_ac[23]","chart_24321",""
"","","","","","","","","","","","","","","","100","base","refund","+dp_base[41]","",""
"","","","","","","","","","","","","","","","100","tax","refund","+dp_iva[41]","chart_24342",""
"iva9_p_sc","IVA 9% (Serviços)","IVA9","IVA9","94","9","percent","purchase","tax_group_iva_9","","service","INT","IVA","PT-AC","","","","","","",""
"","","","","","","","","","","","","","","","100","base","invoice","+supplier_annex_base[24]","",""
"","","","","","","","","","","","","","","","100","tax","invoice","+dp_iva[65] || +dp_iva_r_ac[24]","chart_24323",""
"","","","","","","","","","","","","","","","100","base","refund","+dp_base[41]","",""
"","","","","","","","","","","","","","","","100","tax","refund","+dp_iva[41]","chart_24342",""
"iva9_p_s_ic","IVA 9% (Serviços intracomunitários com ISP)","IVA9","IVA9","95","9","percent","purchase","tax_group_iva_9","","service","INT","IVA","PT-AC","","","","","","",""
"","","","","","","","","","","","","","","","100","base","invoice","+dp_iva_r_ac[16] || +supplier_annex_base[24]","",""
"","","","","","","","","","","","","","","","100","tax","invoice","+dp_iva[65] || +dp_iva_r_ac[24]","chart_24323",""
"","","","","","","","","","","","","","","","-100","tax","invoice","-dp_iva[66] || -dp_iva_r_ac[17]","chart_24333",""
"","","","","","","","","","","","","","","","100","base","refund","+dp_base[41] || +dp_base[40] ","",""
"","","","","","","","","","","","","","","","100","tax","refund","+dp_iva[41]","chart_24342",""
"","","","","","","","","","","","","","","","-100","tax","refund","-dp_iva[40]","chart_24341",""
"iva9_p_bc_ic","IVA 9% (Bens intracomunitários com ISP)","IVA9","IVA9","96","9","percent","purchase","tax_group_iva_9","","consu","INT","IVA","PT-AC","","","","","","",""
"","","","","","","","","","","","","","","","100","base","invoice","+dp_iva_r_ac[12] || +supplier_annex_base[23]","",""
"","","","","","","","","","","","","","","","100","tax","invoice","+dp_iva[65] || +dp_iva_r_ac[23]","chart_24321",""
"","","","","","","","","","","","","","","","-100","tax","invoice","-dp_iva[66] || -dp_iva_r_ac[13]","chart_24331",""
"","","","","","","","","","","","","","","","100","base","refund","+dp_base[41] || +dp_base[40] ","",""
"","","","","","","","","","","","","","","","100","tax","refund","+dp_iva[41]","chart_24342",""
"","","","","","","","","","","","","","","","-100","tax","refund","-dp_iva[40]","chart_24341",""
"iva9_p_im_ic","IVA 9% (Imobilizados intracomunitários com ISP)","IVA9","IVA9","97","9","percent","purchase","tax_group_iva_9","","","INT","IVA","PT-AC","","","","","","",""
"","","","","","","","","","","","","","","","100","base","invoice","+dp_iva_r_ac[12] || +supplier_annex_base[20]","",""
"","","","","","","","","","","","","","","","100","tax","invoice","+dp_iva[65] || +dp_iva_r_ac[20]","chart_24322",""
"","","","","","","","","","","","","","","","-100","tax","invoice","-dp_iva[66] || -dp_iva_r_ac[13]","chart_24332",""
"","","","","","","","","","","","","","","","100","base","refund","+dp_base[41] || +dp_base[40] ","",""
"","","","","","","","","","","","","","","","100","tax","refund","+dp_iva[41]","chart_24342",""
"","","","","","","","","","","","","","","","-100","tax","refund","-dp_iva[40]","chart_24341",""
"iva9_p_bi_i","IVA 9% (Importação de bens com ISP)","IVA9","IVA9","98","9","percent","purchase","tax_group_iva_9","","consu","INT","IVA","PT-AC","","","","","","",""
"","","","","","","","","","","","","","","","100","base","invoice","+dp_iva_r_ac[18] || +supplier_annex_base[23]","",""
"","","","","","","","","","","","","","","","100","tax","invoice","+dp_iva[65] || +dp_iva_r_ac[23]","chart_24321",""
"","","","","","","","","","","","","","","","-100","tax","invoice","-dp_iva[66] || -dp_iva_r_ac[19]","chart_24331",""
"","","","","","","","","","","","","","","","100","base","refund","+dp_base[41] || +dp_base[40] ","",""
"","","","","","","","","","","","","","","","100","tax","refund","+dp_iva[41]","chart_24342",""
"","","","","","","","","","","","","","","","-100","tax","refund","-dp_iva[40]","chart_24341",""
"iva9_p_im_i_isp","IVA 9% (Importação de imobilizado com ISP)","IVA9","IVA9","99","9","percent","purchase","tax_group_iva_9","","","INT","IVA","PT-AC","","","","","","",""
"","","","","","","","","","","","","","","","100","base","invoice","+dp_iva_r_ac[18] || +supplier_annex_base[20]","",""
"","","","","","","","","","","","","","","","100","tax","invoice","+dp_iva[65] || +dp_iva_r_ac[20]","chart_24322",""
"","","","","","","","","","","","","","","","-100","tax","invoice","-dp_iva[66] || -dp_iva_r_ac[19]","chart_24332",""
"","","","","","","","","","","","","","","","100","base","refund","+dp_base[41] || +dp_base[40] ","",""
"","","","","","","","","","","","","","","","100","tax","refund","+dp_iva[41]","chart_24342",""
"","","","","","","","","","","","","","","","-100","tax","refund","-dp_iva[40]","chart_24341",""
"iva9_p_sp_ex_isp","IVA 9% (Serviços extracomunitários com ISP)","IVA9","IVA9","100","9","percent","purchase","tax_group_iva_9","","service","INT","IVA","PT-AC","","","","","","",""
"","","","","","","","","","","","","","","","100","base","invoice","+dp_iva_r_ac[5] || +dp_iva_r_ac[66] || +supplier_annex_base[24]","",""
"","","","","","","","","","","","","","","","100","tax","invoice","+dp_iva[65] || +dp_iva_r_ac[24]","chart_24323",""
"","","","","","","","","","","","","","","","-100","tax","invoice","-dp_iva[66] || -dp_iva_r_ac[6]","chart_24333",""
"","","","","","","","","","","","","","","","100","base","refund","+dp_base[41] || +dp_base[40] ","",""
"","","","","","","","","","","","","","","","100","tax","refund","+dp_iva[41]","chart_24342",""
"","","","","","","","","","","","","","","","-100","tax","refund","-dp_iva[40]","chart_24341",""
"iva4bens","IVA 4% (Bens)","IVA4","IVA4","101","4","percent","sale","tax_group_iva_4","","consu","RED","IVA","PT-AC","","","","","","",""
"","","","","","","","","","","","","","","","100","base","invoice","+dp_iva_r_ac[1]","",""
"","","","","","","","","","","","","","","","100","tax","invoice","+dp_iva[66] || +dp_iva_r_ac[2]","chart_24331",""
"","","","","","","","","","","","","","","","100","base","refund","+dp_base[40]","",""
"","","","","","","","","","","","","","","","100","tax","refund","+dp_iva[40]","chart_24341",""
"iva4serv","IVA 4% (Serviços)","IVA4","IVA4","102","4","percent","sale","tax_group_iva_4","","service","RED","IVA","PT-AC","","","","","","",""
"","","","","","","","","","","","","","","","100","base","invoice","+dp_iva_r_ac[1]","",""
"","","","","","","","","","","","","","","","100","tax","invoice","+dp_iva[66] || +dp_iva_r_ac[2]","chart_24333",""
"","","","","","","","","","","","","","","","100","base","refund","+dp_base[40]","",""
"","","","","","","","","","","","","","","","100","tax","refund","+dp_iva[40]","chart_24341",""
"iva4_p_im","IVA 4% (Imobilizado)","IVA4","IVA4","103","4","percent","purchase","tax_group_iva_4","","","RED","IVA","PT-AC","","","","","","",""
"","","","","","","","","","","","","","","","100","base","invoice","+supplier_annex_base[20]","",""
"","","","","","","","","","","","","","","","100","tax","invoice","+dp_iva[65] || +dp_iva_r_ac[20]","chart_24322",""
"","","","","","","","","","","","","","","","100","base","refund","+dp_base[41]","",""
"","","","","","","","","","","","","","","","100","tax","refund","+dp_iva[41]","chart_24342",""
"iva4_p_bc","IVA 4% (Bens)","IVA4","IVA4","104","4","percent","purchase","tax_group_iva_4","","consu","RED","IVA","PT-AC","","","","","","",""
"","","","","","","","","","","","","","","","100","base","invoice","+supplier_annex_base[21]","",""
"","","","","","","","","","","","","","","","100","tax","invoice","+dp_iva[65] || +dp_iva_r_ac[21]","chart_24321",""
"","","","","","","","","","","","","","","","100","base","refund","+dp_base[41]","",""
"","","","","","","","","","","","","","","","100","tax","refund","+dp_iva[41]","chart_24342",""
"iva4_p_sc","IVA 4% (Serviços)","IVA4","IVA4","105","4","percent","purchase","tax_group_iva_4","","service","RED","IVA","PT-AC","","","","","","",""
"","","","","","","","","","","","","","","","100","base","invoice","+supplier_annex_base[24]","",""
"","","","","","","","","","","","","","","","100","tax","invoice","+dp_iva[65] || +dp_iva_r_ac[24]","chart_24323",""
"","","","","","","","","","","","","","","","100","base","refund","+dp_base[41]","",""
"","","","","","","","","","","","","","","","100","tax","refund","+dp_iva[41]","chart_24342",""
"iva4_p_s_ic","IVA 4% (Serviços intracomunitários com ISP)","IVA4","IVA4","106","4","percent","purchase","tax_group_iva_4","","service","RED","IVA","PT-AC","","","","","","",""
"","","","","","","","","","","","","","","","100","base","invoice","+dp_iva_r_ac[16] || +supplier_annex_base[24]","",""
"","","","","","","","","","","","","","","","100","tax","invoice","+dp_iva[65] || +dp_iva_r_ac[24]","chart_24323",""
"","","","","","","","","","","","","","","","-100","tax","invoice","-dp_iva[66] ||-dp_iva_r_ac[17]","chart_24333",""
"","","","","","","","","","","","","","","","100","base","refund","+dp_base[41] || +dp_base[40] ","",""
"","","","","","","","","","","","","","","","100","tax","refund","+dp_iva[41]","chart_24342",""
"","","","","","","","","","","","","","","","-100","tax","refund","-dp_iva[40]","chart_24341",""
"iva4_p_bc_ic","IVA 4% (Bens intracomunitários com ISP)","IVA4","IVA4","107","4","percent","purchase","tax_group_iva_4","","consu","RED","IVA","PT-AC","","","","","","",""
"","","","","","","","","","","","","","","","100","base","invoice","+dp_iva_r_ac[12] || +supplier_annex_base[21]","",""
"","","","","","","","","","","","","","","","100","tax","invoice","+dp_iva[65] || +dp_iva_r_ac[21]","chart_24321",""
"","","","","","","","","","","","","","","","-100","tax","invoice","-dp_iva[66] || -dp_iva_r_ac[13]","chart_24331",""
"","","","","","","","","","","","","","","","100","base","refund","+dp_base[41] || +dp_base[40] ","",""
"","","","","","","","","","","","","","","","100","tax","refund","+dp_iva[41]","chart_24342",""
"","","","","","","","","","","","","","","","-100","tax","refund","-dp_iva[40]","chart_24341",""
"iva4_p_im_ic","IVA 4% (Imobilizados intracomunitários com ISP)","IVA4","IVA4","108","4","percent","purchase","tax_group_iva_4","","","RED","IVA","PT-AC","","","","","","",""
"","","","","","","","","","","","","","","","100","base","invoice","+dp_iva_r_ac[12] || +supplier_annex_base[20]","",""
"","","","","","","","","","","","","","","","100","tax","invoice","+dp_iva[65] || +dp_iva_r_ac[20]","chart_24322",""
"","","","","","","","","","","","","","","","-100","tax","invoice","-dp_iva[66] || -dp_iva_r_ac[13]","chart_24332",""
"","","","","","","","","","","","","","","","100","base","refund","+dp_base[41] || +dp_base[40] ","",""
"","","","","","","","","","","","","","","","100","tax","refund","+dp_iva[41]","chart_24342",""
"","","","","","","","","","","","","","","","-100","tax","refund","-dp_iva[40]","chart_24341",""
"iva4_p_bi_i","IVA 4% (Importação de bens com ISP)","IVA4","IVA4","109","4","percent","purchase","tax_group_iva_4","","consu","RED","IVA","PT-AC","","","","","","",""
"","","","","","","","","","","","","","","","100","base","invoice","+dp_iva_r_ac[18] || +supplier_annex_base[21]","",""
"","","","","","","","","","","","","","","","100","tax","invoice","+dp_iva[65] || +dp_iva_r_ac[21]","chart_24321",""
"","","","","","","","","","","","","","","","-100","tax","invoice","-dp_iva[66] || -dp_iva_r_ac[19]","chart_24331",""
"","","","","","","","","","","","","","","","100","base","refund","+dp_base[41] || +dp_base[40] ","",""
"","","","","","","","","","","","","","","","100","tax","refund","+dp_iva[41]","chart_24342",""
"","","","","","","","","","","","","","","","-100","tax","refund","-dp_iva[40]","chart_24341",""
"iva4_p_im_i_isp","IVA 4% (Importação de imobilizado com ISP)","IVA4","IVA4","110","4","percent","purchase","tax_group_iva_4","","","RED","IVA","PT-AC","","","","","","",""
"","","","","","","","","","","","","","","","100","base","invoice","+dp_iva_r_ac[18] || +supplier_annex_base[20]","",""
"","","","","","","","","","","","","","","","100","tax","invoice","+dp_iva[65] || +dp_iva_r_ac[20]","chart_24322",""
"","","","","","","","","","","","","","","","-100","tax","invoice","-dp_iva[66] || -dp_iva_r_ac[19]","chart_24332",""
"","","","","","","","","","","","","","","","100","base","refund","+dp_base[41] || +dp_base[40] ","",""
"","","","","","","","","","","","","","","","100","tax","refund","+dp_iva[41]","chart_24342",""
"","","","","","","","","","","","","","","","-100","tax","refund","-dp_iva[40]","chart_24341",""
"iva4_p_sp_ex_isp","IVA 4% (Serviços extracomunitários com ISP)","IVA4","IVA4","111","4","percent","purchase","tax_group_iva_4","","service","RED","IVA","PT-AC","","","","","","",""
"","","","","","","","","","","","","","","","100","base","invoice","+dp_iva_r_ac[1] || +dp_iva_r_ac[66] || +supplier_annex_base[24]","",""
"","","","","","","","","","","","","","","","100","tax","invoice","+dp_iva[65] || +dp_iva_r_ac[24]","chart_24323",""
"","","","","","","","","","","","","","","","-100","tax","invoice","-dp_iva[66] || -dp_iva_r_ac[2]","chart_24333",""
"","","","","","","","","","","","","","","","100","base","refund","+dp_base[41] || +dp_base[40] ","",""
"","","","","","","","","","","","","","","","100","tax","refund","+dp_iva[41]","chart_24342",""
"","","","","","","","","","","","","","","","-100","tax","refund","-dp_iva[40]","chart_24341",""
"iva22bens","IVA 22% (Bens)","IVA22","IVA22","112","22","percent","sale","tax_group_iva_22","","consu","NOR","IVA","PT-MA","","","","","","",""
"","","","","","","","","","","","","","","","100","base","invoice","+dp_iva_r_ma[3]","",""
"","","","","","","","","","","","","","","","100","tax","invoice","+dp_iva[68] || +dp_iva_r_ma[4]","chart_24331",""
"","","","","","","","","","","","","","","","100","base","refund","+dp_base[40]","",""
"","","","","","","","","","","","","","","","100","tax","refund","+dp_iva[40]","chart_24341",""
"iva22serv","IVA 22% (Serviços)","IVA22","IVA22","113","22","percent","sale","tax_group_iva_22","","service","NOR","IVA","PT-MA","","","","","","",""
"","","","","","","","","","","","","","","","100","base","invoice","+dp_iva_r_ma[3]","",""
"","","","","","","","","","","","","","","","100","tax","invoice","+dp_iva[68] || +dp_iva_r_ma[4]","chart_24333",""
"","","","","","","","","","","","","","","","100","base","refund","+dp_base[40]","",""
"","","","","","","","","","","","","","","","100","tax","refund","+dp_iva[40]","chart_24341",""
"iva22_p_im","IVA 22% (Imobilizado)","IVA22","IVA22","114","22","percent","purchase","tax_group_iva_22","","","NOR","IVA","PT-MA","","","","","","",""
"","","","","","","","","","","","","","","","100","base","invoice","+supplier_annex_base[20]","",""
"","","","","","","","","","","","","","","","100","tax","invoice","+dp_iva[67] || +dp_iva_r_ma[20]","chart_24322",""
"","","","","","","","","","","","","","","","100","base","refund","+dp_base[41]","",""
"","","","","","","","","","","","","","","","100","tax","refund","+dp_iva[41]","chart_24342",""
"iva22_p_bc","IVA 22% (Bens)","IVA22","IVA22","115","22","percent","purchase","tax_group_iva_22","","consu","NOR","IVA","PT-MA","","","","","","",""
"","","","","","","","","","","","","","","","100","base","invoice","+supplier_annex_base[22]","",""
"","","","","","","","","","","","","","","","100","tax","invoice","+dp_iva[67] || +dp_iva_r_ma[22]","chart_24321",""
"","","","","","","","","","","","","","","","100","base","refund","+dp_base[41]","",""
"","","","","","","","","","","","","","","","100","tax","refund","+dp_iva[41]","chart_24342",""
"iva22_p_sc","IVA 22% (Serviços)","IVA22","IVA22","116","22","percent","purchase","tax_group_iva_22","","service","NOR","IVA","PT-MA","","","","","","",""
"","","","","","","","","","","","","","","","100","base","invoice","+supplier_annex_base[24]","",""
"","","","","","","","","","","","","","","","100","tax","invoice","+dp_iva[67] || +dp_iva_r_ma[24]","chart_24323",""
"","","","","","","","","","","","","","","","100","base","refund","+dp_base[41]","",""
"","","","","","","","","","","","","","","","100","tax","refund","+dp_iva[41]","chart_24342",""
"iva22_p_s_ic","IVA 22% (Serviços intracomunitários com ISP)","IVA22","IVA22","117","22","percent","purchase","tax_group_iva_22","","service","NOR","IVA","PT-MA","","","","","","",""
"","","","","","","","","","","","","","","","100","base","invoice","+dp_iva_r_ma[16] || +supplier_annex_base[24]","",""
"","","","","","","","","","","","","","","","100","tax","invoice","+dp_iva[67] || +dp_iva_r_ma[24]","chart_24323",""
"","","","","","","","","","","","","","","","-100","tax","invoice","-dp_iva[68] || -dp_iva_r_ma[17]","chart_24333",""
"","","","","","","","","","","","","","","","100","base","refund","+dp_base[41] || +dp_base[40] ","",""
"","","","","","","","","","","","","","","","100","tax","refund","+dp_iva[41]","chart_24342",""
"","","","","","","","","","","","","","","","-100","tax","refund","-dp_iva[40]","chart_24341",""
"iva22_p_bc_ic","IVA 22% (Bens intracomunitários com ISP)","IVA22","IVA22","118","22","percent","purchase","tax_group_iva_22","","consu","NOR","IVA","PT-MA","","","","","","",""
"","","","","","","","","","","","","","","","100","base","invoice","+dp_iva_r_ma[12] || +supplier_annex_base[22]","",""
"","","","","","","","","","","","","","","","100","tax","invoice","+dp_iva[67] || +dp_iva_r_ma[22]","chart_24321",""
"","","","","","","","","","","","","","","","-100","tax","invoice","-dp_iva[68] || -dp_iva_r_ma[13]","chart_24331",""
"","","","","","","","","","","","","","","","100","base","refund","+dp_base[41] || +dp_base[40] ","",""
"","","","","","","","","","","","","","","","100","tax","refund","+dp_iva[41]","chart_24342",""
"","","","","","","","","","","","","","","","-100","tax","refund","-dp_iva[40]","chart_24341",""
"iva22_p_im_ic","IVA 22% (Imobilizados intracomunitários com ISP)","IVA22","IVA22","119","22","percent","purchase","tax_group_iva_22","","","NOR","IVA","PT-MA","","","","","","",""
"","","","","","","","","","","","","","","","100","base","invoice","+dp_iva_r_ma[12] || +supplier_annex_base[20]","",""
"","","","","","","","","","","","","","","","100","tax","invoice","+dp_iva[67] || +dp_iva_r_ma[20]","chart_24322",""
"","","","","","","","","","","","","","","","-100","tax","invoice","-dp_iva[68] || -dp_iva_r_ma[13]","chart_24332",""
"","","","","","","","","","","","","","","","100","base","refund","+dp_base[41] || +dp_base[40] ","",""
"","","","","","","","","","","","","","","","100","tax","refund","+dp_iva[41]","chart_24342",""
"","","","","","","","","","","","","","","","-100","tax","refund","-dp_iva[40]","chart_24341",""
"iva22_p_bi_i","IVA 22% (Importação de bens com ISP)","IVA22","IVA22","120","22","percent","purchase","tax_group_iva_22","","consu","NOR","IVA","PT-MA","","","","","","",""
"","","","","","","","","","","","","","","","100","base","invoice","+dp_iva_r_ma[18] || +supplier_annex_base[22]","",""
"","","","","","","","","","","","","","","","100","tax","invoice","+dp_iva[67] || +dp_iva_r_ma[22]","chart_24321",""
"","","","","","","","","","","","","","","","-100","tax","invoice","-dp_iva[68] || -dp_iva_r_ma[19]","chart_24331",""
"","","","","","","","","","","","","","","","100","base","refund","+dp_base[41] || +dp_base[40] ","",""
"","","","","","","","","","","","","","","","100","tax","refund","+dp_iva[41]","chart_24342",""
"","","","","","","","","","","","","","","","-100","tax","refund","-dp_iva[40]","chart_24341",""
"iva22_p_im_i_isp","IVA 22% (Importação de imobilizado com ISP)","IVA22","IVA22","121","22","percent","purchase","tax_group_iva_22","","","NOR","IVA","PT-MA","","","","","","",""
"","","","","","","","","","","","","","","","100","base","invoice","+dp_iva_r_ma[18] || +supplier_annex_base[20]","",""
"","","","","","","","","","","","","","","","100","tax","invoice","+dp_iva[67] || +dp_iva_r_ma[20]","chart_24322",""
"","","","","","","","","","","","","","","","-100","tax","invoice","-dp_iva[68] || -dp_iva_r_ma[19]","chart_24332",""
"","","","","","","","","","","","","","","","100","base","refund","+dp_base[41] || +dp_base[40] ","",""
"","","","","","","","","","","","","","","","100","tax","refund","+dp_iva[41]","chart_24342",""
"","","","","","","","","","","","","","","","-100","tax","refund","-dp_iva[40]","chart_24341",""
"iva22_p_sp_ex_isp","IVA 22% (Serviços extracomunitários com ISP)","IVA22","IVA22","122","22","percent","purchase","tax_group_iva_22","","service","NOR","IVA","PT-MA","","","","","","",""
"","","","","","","","","","","","","","","","100","base","invoice","+dp_iva_r_ma[3] || +dp_iva_r_ma[66] || +supplier_annex_base[24]","",""
"","","","","","","","","","","","","","","","100","tax","invoice","+dp_iva[67] || +dp_iva_r_ma[24]","chart_24323",""
"","","","","","","","","","","","","","","","-100","tax","invoice","-dp_iva[68] || -dp_iva_r_ma[4]","chart_24333",""
"","","","","","","","","","","","","","","","100","base","refund","+dp_base[41] || +dp_base[40] ","",""
"","","","","","","","","","","","","","","","100","tax","refund","+dp_iva[41]","chart_24342",""
"","","","","","","","","","","","","","","","-100","tax","refund","-dp_iva[40]","chart_24341",""
"iva12bens","IVA 12% (Bens)","IVA12","IVA12","123","12","percent","sale","tax_group_iva_12","","consu","INT","IVA","PT-MA","","","","","","",""
"","","","","","","","","","","","","","","","100","base","invoice","+dp_iva_r_ma[5]","",""
"","","","","","","","","","","","","","","","100","tax","invoice","+dp_iva[68] || +dp_iva_r_ma[6]","chart_24331",""
"","","","","","","","","","","","","","","","100","base","refund","+dp_base[40]","",""
"","","","","","","","","","","","","","","","100","tax","refund","+dp_iva[40]","chart_24341",""
"iva12serv","IVA 12% (Serviços)","IVA12","IVA12","124","12","percent","sale","tax_group_iva_12","","service","INT","IVA","PT-MA","","","","","","",""
"","","","","","","","","","","","","","","","100","base","invoice","+dp_iva_r_ma[5]","",""
"","","","","","","","","","","","","","","","100","tax","invoice","+dp_iva[68] || +dp_iva_r_ma[6]","chart_24333",""
"","","","","","","","","","","","","","","","100","base","refund","+dp_base[40]","",""
"","","","","","","","","","","","","","","","100","tax","refund","+dp_iva[40]","chart_24341",""
"iva12_p_im","IVA 12% (Imobilizado)","IVA12","IVA12","125","12","percent","purchase","tax_group_iva_12","","","INT","IVA","PT-MA","","","","","","",""
"","","","","","","","","","","","","","","","100","base","invoice","+supplier_annex_base[20]","",""
"","","","","","","","","","","","","","","","100","tax","invoice","+dp_iva[67] || +dp_iva_r_ma[20]","chart_24322",""
"","","","","","","","","","","","","","","","100","base","refund","+dp_base[41]","",""
"","","","","","","","","","","","","","","","100","tax","refund","+dp_iva[41]","chart_24342",""
"iva12_p_bc","IVA 12% (Bens)","IVA12","IVA12","126","12","percent","purchase","tax_group_iva_12","","consu","INT","IVA","PT-MA","","","","","","",""
"","","","","","","","","","","","","","","","100","base","invoice","+supplier_annex_base[23]","",""
"","","","","","","","","","","","","","","","100","tax","invoice","+dp_iva[67] || +dp_iva_r_ma[23]","chart_24321",""
"","","","","","","","","","","","","","","","100","base","refund","+dp_base[41]","",""
"","","","","","","","","","","","","","","","100","tax","refund","+dp_iva[41]","chart_24342",""
"iva12_p_sc","IVA 12% (Serviços)","IVA12","IVA12","127","12","percent","purchase","tax_group_iva_12","","service","INT","IVA","PT-MA","","","","","","",""
"","","","","","","","","","","","","","","","100","base","invoice","+supplier_annex_base[24]","",""
"","","","","","","","","","","","","","","","100","tax","invoice","+dp_iva[67] || +dp_iva_r_ma[24]","chart_24323",""
"","","","","","","","","","","","","","","","100","base","refund","+dp_base[41]","",""
"","","","","","","","","","","","","","","","100","tax","refund","+dp_iva[41]","chart_24342",""
"iva12_p_s_ic","IVA 12% (Serviços intracomunitários com ISP)","IVA12","IVA12","128","12","percent","purchase","tax_group_iva_12","","service","INT","IVA","PT-MA","","","","","","",""
"","","","","","","","","","","","","","","","100","base","invoice","+dp_iva_r_ma[16] || +supplier_annex_base[24]","",""
"","","","","","","","","","","","","","","","100","tax","invoice","+dp_iva[67] || +dp_iva_r_ma[24]","chart_24323",""
"","","","","","","","","","","","","","","","-100","tax","invoice","-dp_iva[68] || -dp_iva_r_ma[17]","chart_24333",""
"","","","","","","","","","","","","","","","100","base","refund","+dp_base[41] || +dp_base[40] ","",""
"","","","","","","","","","","","","","","","100","tax","refund","+dp_iva[41]","chart_24342",""
"","","","","","","","","","","","","","","","-100","tax","refund","-dp_iva[40]","chart_24341",""
"iva12_p_bc_ic","IVA 12% (Bens intracomunitários com ISP)","IVA12","IVA12","129","12","percent","purchase","tax_group_iva_12","","consu","INT","IVA","PT-MA","","","","","","",""
"","","","","","","","","","","","","","","","100","base","invoice","+dp_iva_r_ma[12] || +supplier_annex_base[23]","",""
"","","","","","","","","","","","","","","","100","tax","invoice","+dp_iva[67] || +dp_iva_r_ma[23]","chart_24321",""
"","","","","","","","","","","","","","","","-100","tax","invoice","-dp_iva[68] || -dp_iva_r_ma[13]","chart_24331",""
"","","","","","","","","","","","","","","","100","base","refund","+dp_base[41] || +dp_base[40] ","",""
"","","","","","","","","","","","","","","","100","tax","refund","+dp_iva[41]","chart_24342",""
"","","","","","","","","","","","","","","","-100","tax","refund","-dp_iva[40]","chart_24341",""
"iva12_p_im_ic","IVA 12% (Imobilizados intracomunitários com ISP)","IVA12","IVA12","130","12","percent","purchase","tax_group_iva_12","","","INT","IVA","PT-MA","","","","","","",""
"","","","","","","","","","","","","","","","100","base","invoice","+dp_iva_r_ma[12] || +supplier_annex_base[20]","",""
"","","","","","","","","","","","","","","","100","tax","invoice","+dp_iva[67] || +dp_iva_r_ma[20]","chart_24322",""
"","","","","","","","","","","","","","","","-100","tax","invoice","-dp_iva[68] || -dp_iva_r_ma[13]","chart_24332",""
"","","","","","","","","","","","","","","","100","base","refund","+dp_base[41] || +dp_base[40] ","",""
"","","","","","","","","","","","","","","","100","tax","refund","+dp_iva[41]","chart_24342",""
"","","","","","","","","","","","","","","","-100","tax","refund","-dp_iva[40]","chart_24341",""
"iva12_p_bi_i","IVA 12% (Importação de bens com ISP)","IVA12","IVA12","131","12","percent","purchase","tax_group_iva_12","","consu","INT","IVA","PT-MA","","","","","","",""
"","","","","","","","","","","","","","","","100","base","invoice","+dp_iva_r_ma[18] || +supplier_annex_base[23]","",""
"","","","","","","","","","","","","","","","100","tax","invoice","+dp_iva[67] || +dp_iva_r_ma[23]","chart_24321",""
"","","","","","","","","","","","","","","","-100","tax","invoice","-dp_iva[68] || -dp_iva_r_ma[19]","chart_24331",""
"","","","","","","","","","","","","","","","100","base","refund","+dp_base[41] || +dp_base[40] ","",""
"","","","","","","","","","","","","","","","100","tax","refund","+dp_iva[41]","chart_24342",""
"","","","","","","","","","","","","","","","-100","tax","refund","-dp_iva[40]","chart_24341",""
"iva12_p_im_i_isp","IVA 12% (Importação de imobilizado com ISP)","IVA12","IVA12","132","12","percent","purchase","tax_group_iva_12","","","INT","IVA","PT-MA","","","","","","",""
"","","","","","","","","","","","","","","","100","base","invoice","+dp_iva_r_ma[18] || +supplier_annex_base[20]","",""
"","","","","","","","","","","","","","","","100","tax","invoice","+dp_iva[67] || +dp_iva_r_ma[20]","chart_24322",""
"","","","","","","","","","","","","","","","-100","tax","invoice","-dp_iva[68] || -dp_iva_r_ma[19]","chart_24332",""
"","","","","","","","","","","","","","","","100","base","refund","+dp_base[41] || +dp_base[40] ","",""
"","","","","","","","","","","","","","","","100","tax","refund","+dp_iva[41]","chart_24342",""
"","","","","","","","","","","","","","","","-100","tax","refund","-dp_iva[40]","chart_24341",""
"iva12_p_sp_ex_isp","IVA 12% (Serviços extracomunitários com ISP)","IVA12","IVA12","133","12","percent","purchase","tax_group_iva_12","","service","INT","IVA","PT-MA","","","","","","",""
"","","","","","","","","","","","","","","","100","base","invoice","+dp_iva_r_ma[5] || +dp_iva_r_ma[66] || +supplier_annex_base[24]","",""
"","","","","","","","","","","","","","","","100","tax","invoice","+dp_iva[67] || +dp_iva_r_ma[24]","chart_24323",""
"","","","","","","","","","","","","","","","-100","tax","invoice","-dp_iva[68] || -dp_iva_r_ma[6]","chart_24333",""
"","","","","","","","","","","","","","","","100","base","refund","+dp_base[41] || +dp_base[40] ","",""
"","","","","","","","","","","","","","","","100","tax","refund","+dp_iva[41]","chart_24342",""
"","","","","","","","","","","","","","","","-100","tax","refund","-dp_iva[40]","chart_24341",""
"iva4bens_ma","IVA 4% (Bens)","IVA4","IVA4","134","4","percent","sale","tax_group_iva_4","","consu","RED","IVA","PT-MA","","","","","","",""
"","","","","","","","","","","","","","","","100","base","invoice","+dp_iva_r_ma[1]","",""
"","","","","","","","","","","","","","","","100","tax","invoice","+dp_iva[68] || +dp_iva_r_ma[2]","chart_24331",""
"","","","","","","","","","","","","","","","100","base","refund","+dp_base[40]","",""
"","","","","","","","","","","","","","","","100","tax","refund","+dp_iva[40]","chart_24341",""
"iva4serv_ma","IVA 4% (Serviços)","IVA4","IVA4","134","4","percent","sale","tax_group_iva_4","","service","RED","IVA","PT-MA","","","","","","",""
"","","","","","","","","","","","","","","","100","base","invoice","+dp_iva_r_ma[1]","",""
"","","","","","","","","","","","","","","","100","tax","invoice","+dp_iva[68] || +dp_iva_r_ma[2]","chart_24333",""
"","","","","","","","","","","","","","","","100","base","refund","+dp_base[40]","",""
"","","","","","","","","","","","","","","","100","tax","refund","+dp_iva[40]","chart_24341",""
"iva4_p_im_ma","IVA 4% (Imobilizado)","IVA4","IVA4","136","4","percent","purchase","tax_group_iva_4","","","RED","IVA","PT-MA","","","","","","",""
"","","","","","","","","","","","","","","","100","base","invoice","+supplier_annex_base[20]","",""
"","","","","","","","","","","","","","","","100","tax","invoice","+dp_iva[67] || +dp_iva_r_ma[20]","chart_24322",""
"","","","","","","","","","","","","","","","100","base","refund","+dp_base[41]","",""
"","","","","","","","","","","","","","","","100","tax","refund","+dp_iva[41]","chart_24342",""
"iva4_p_bc_ma","IVA 4% (Bens)","IVA4","IVA4","137","4","percent","purchase","tax_group_iva_4","","consu","RED","IVA","PT-MA","","","","","","",""
"","","","","","","","","","","","","","","","100","base","invoice","+supplier_annex_base[21]","",""
"","","","","","","","","","","","","","","","100","tax","invoice","+dp_iva[67] || +dp_iva_r_ma[21]","chart_24321",""
"","","","","","","","","","","","","","","","100","base","refund","+dp_base[41]","",""
"","","","","","","","","","","","","","","","100","tax","refund","+dp_iva[41]","chart_24342",""
"iva4_p_sc_ma","IVA 4% (Serviços)","IVA4","IVA4","138","4","percent","purchase","tax_group_iva_4","","service","RED","IVA","PT-MA","","","","","","",""
"","","","","","","","","","","","","","","","100","base","invoice","+supplier_annex_base[24]","",""
"","","","","","","","","","","","","","","","100","tax","invoice","+dp_iva[67] || +dp_iva_r_ma[24]","chart_24323",""
"","","","","","","","","","","","","","","","100","base","refund","+dp_base[41]","",""
"","","","","","","","","","","","","","","","100","tax","refund","+dp_iva[41]","chart_24342",""
"iva4_p_s_ic_ma","IVA 4% (Serviços intracomunitários com ISP)","IVA4","IVA4","139","4","percent","purchase","tax_group_iva_4","","service","RED","IVA","PT-MA","","","","","","",""
"","","","","","","","","","","","","","","","100","base","invoice","+dp_iva_r_ma[16] || +supplier_annex_base[24]","",""
"","","","","","","","","","","","","","","","100","tax","invoice","+dp_iva[67] || +dp_iva_r_ma[24]","chart_24323",""
"","","","","","","","","","","","","","","","-100","tax","invoice","-dp_iva[68] || -dp_iva_r_ma[17]","chart_24333",""
"","","","","","","","","","","","","","","","100","base","refund","+dp_base[41] || +dp_base[40] ","",""
"","","","","","","","","","","","","","","","100","tax","refund","+dp_iva[41]","chart_24342",""
"","","","","","","","","","","","","","","","-100","tax","refund","-dp_iva[40]","chart_24341",""
"iva4_p_bc_ic_ma","IVA 4% (Bens intracomunitários com ISP)","IVA4","IVA4","140","4","percent","purchase","tax_group_iva_4","","consu","RED","IVA","PT-MA","","","","","","",""
"","","","","","","","","","","","","","","","100","base","invoice","+dp_iva_r_ma[12] || +supplier_annex_base[21]","",""
"","","","","","","","","","","","","","","","100","tax","invoice","+dp_iva[67] || +dp_iva_r_ma[21]","chart_24321",""
"","","","","","","","","","","","","","","","-100","tax","invoice","-dp_iva[68] || -dp_iva_r_ma[13]","chart_24331",""
"","","","","","","","","","","","","","","","100","base","refund","+dp_base[41] || +dp_base[40] ","",""
"","","","","","","","","","","","","","","","100","tax","refund","+dp_iva[41]","chart_24342",""
"","","","","","","","","","","","","","","","-100","tax","refund","-dp_iva[40]","chart_24341",""
"iva4_p_im_ic_ma","IVA 4% (Imobilizados intracomunitários com ISP)","IVA4","IVA4","141","4","percent","purchase","tax_group_iva_4","","","RED","IVA","PT-MA","","","","","","",""
"","","","","","","","","","","","","","","","100","base","invoice","+dp_iva_r_ma[12] || +supplier_annex_base[20]","",""
"","","","","","","","","","","","","","","","100","tax","invoice","+dp_iva[67] || +dp_iva_r_ma[20]","chart_24322",""
"","","","","","","","","","","","","","","","-100","tax","invoice","-dp_iva[68] || -dp_iva_r_ma[13]","chart_24332",""
"","","","","","","","","","","","","","","","100","base","refund","+dp_base[41] || +dp_base[40] ","",""
"","","","","","","","","","","","","","","","100","tax","refund","+dp_iva[41]","chart_24342",""
"","","","","","","","","","","","","","","","-100","tax","refund","-dp_iva[40]","chart_24341",""
"iva4_p_bi_i_ma","IVA 4% (Importação de bens com ISP)","IVA4","IVA4","142","4","percent","purchase","tax_group_iva_4","","consu","RED","IVA","PT-MA","","","","","","",""
"","","","","","","","","","","","","","","","100","base","invoice","+dp_iva_r_ma[18] || +supplier_annex_base[21]","",""
"","","","","","","","","","","","","","","","100","tax","invoice","+dp_iva[67] || +dp_iva_r_ma[21]","chart_24321",""
"","","","","","","","","","","","","","","","-100","tax","invoice","-dp_iva[68] || -dp_iva_r_ma[19]","chart_24331",""
"","","","","","","","","","","","","","","","100","base","refund","+dp_base[41] || +dp_base[40] ","",""
"","","","","","","","","","","","","","","","100","tax","refund","+dp_iva[41]","chart_24342",""
"","","","","","","","","","","","","","","","-100","tax","refund","-dp_iva[40]","chart_24341",""
"iva4_p_im_i_isp_ma","IVA 4% (Importação de imobilizado com ISP)","IVA4","IVA4","143","4","percent","purchase","tax_group_iva_4","","","RED","IVA","PT-MA","","","","","","",""
"","","","","","","","","","","","","","","","100","base","invoice","+dp_iva_r_ma[18] || +supplier_annex_base[20]","",""
"","","","","","","","","","","","","","","","100","tax","invoice","+dp_iva[67] || +dp_iva_r_ma[20]","chart_24322",""
"","","","","","","","","","","","","","","","-100","tax","invoice","-dp_iva[68] || -dp_iva_r_ma[19]","chart_24332",""
"","","","","","","","","","","","","","","","100","base","refund","+dp_base[41] || +dp_base[40] ","",""
"","","","","","","","","","","","","","","","100","tax","refund","+dp_iva[41]","chart_24342",""
"","","","","","","","","","","","","","","","-100","tax","refund","-dp_iva[40]","chart_24341",""
"iva4_p_sp_ex_isp_ma","IVA 4% (Serviços extracomunitários com ISP)","IVA4","IVA4","144","4","percent","purchase","tax_group_iva_4","","service","RED","IVA","PT-MA","","","","","","",""
"","","","","","","","","","","","","","","","100","base","invoice","+dp_iva_r_ma[1] || +dp_iva_r_ma[66] || +supplier_annex_base[24]","",""
"","","","","","","","","","","","","","","","100","tax","invoice","+dp_iva[67] || +dp_iva_r_ma[24]","chart_24323",""
"","","","","","","","","","","","","","","","-100","tax","invoice","-dp_iva[68] || -dp_iva_r_ma[2]","chart_24333",""
"","","","","","","","","","","","","","","","100","base","refund","+dp_base[41] || +dp_base[40] ","",""
"","","","","","","","","","","","","","","","100","tax","refund","+dp_iva[41]","chart_24342",""
"","","","","","","","","","","","","","","","-100","tax","refund","-dp_iva[40]","chart_24341",""
"ret0_a","Retenção 0% - Rendimentos Isentos (A)","RET0A","RET0A","145","0","percent","purchase","tax_group_ret_0","","","IRS","NS","PT","","","","","","",""
"","","","","","","","","","","","","","","","100","base","invoice","+model10_table5[03] || +model30_table8[35]","",""
"","","","","","","","","","","","","","","","100","tax","invoice","","",""
"","","","","","","","","","","","","","","","100","base","refund","+model10_table5[03] || +model30_table8[35]","",""
"","","","","","","","","","","","","","","","100","tax","refund","","",""
"ret20_a","Retenção 20% - Atividades de Elevado Valor Acrescentado (A)","RET20","RET20","146","-20","percent","purchase","tax_group_ret_20","","","IRS","NS","PT","","","","","","",""
"","","","","","","","","","","","","","","","100","base","invoice","+model10_table5[03] || +model30_table8[35]","",""
"","","","","","","","","","","","","","","","100","tax","invoice","-model10[01] || -model10_table5[06] || +model30_table6[09] || +model30_table6[40] || +model30_table8[37]","chart_2413",""
"","","","","","","","","","","","","","","","100","base","refund","+model10_table5[03] || +model30_table8[35]","",""
"","","","","","","","","","","","","","","","100","tax","refund","-model10[01] || -model10_table5[06] || +model30_table6[09] || +model30_table6[40] || +model30_table8[37]","chart_2422",""
"ret25_a","Retenção 25% - Rendimentos Dependentes","RET25","RET25","147","-25","percent","purchase","tax_group_ret_25","","","IRS","NS","PT","","","","","","",""
"","","","","","","","","","","","","","","","100","base","invoice","+model10_table5[03] || +model30_table8[35]","",""
"","","","","","","","","","","","","","","","100","tax","invoice","-model10[01] || -model10_table5[06] || +model30_table6[09] || +model30_table6[40] || +model30_table8[37]","chart_24211",""
"","","","","","","","","","","","","","","","100","base","refund","+model10_table5[03] || +model30_table8[35]","",""
"","","","","","","","","","","","","","","","100","tax","refund","-model10[01] || -model10_table5[06] || +model30_table6[09] || +model30_table6[40] || +model30_table8[37]","chart_24211",""
"ret35_a","Retenção 35% - Rendimentos Dependentes","RET35","RET35","148","-35","percent","purchase","tax_group_ret_35","","","IRS","NS","PT","","","","","","",""
"","","","","","","","","","","","","","","","100","base","invoice","+model10_table5[03] || +model30_table8[35]","",""
"","","","","","","","","","","","","","","","100","tax","invoice","-model10[01] || -model10_table5[06] || +model30_table6[09] || +model30_table6[40] || +model30_table8[37]","chart_24211",""
"","","","","","","","","","","","","","","","100","base","refund","+model10_table5[03] || +model30_table8[35]","",""
"","","","","","","","","","","","","","","","100","tax","refund","-model10[01] || -model10_table5[06] || +model30_table6[09] || +model30_table6[40] || +model30_table8[37]","chart_24211",""
"ret0_b","Retenção 0% - Rendimentos Isentos (B)","RET0B","RET0B","149","0","percent","purchase","tax_group_ret_0","","","IRS","NS","PT","","","","","","",""
"","","","","","","","","","","","","","","","100","base","invoice","+model10_table5[03] || +model30_table8[35]","",""
"","","","","","","","","","","","","","","","100","tax","invoice","","",""
"","","","","","","","","","","","","","","","100","base","refund","+model10_table5[03] || +model30_table8[35]","",""
"","","","","","","","","","","","","","","","100","tax","refund","","",""
"ret11_5_b","Retenção 11.5% - Rendimentos Profissionais","RET11.5","RET11.5","150","-11.5","percent","purchase","tax_group_ret_11_5","","","IRS","NS","PT","","","","","","",""
"","","","","","","","","","","","","","","","100","base","invoice","+model10_table5[03] || +model30_table8[35]","",""
"","","","","","","","","","","","","","","","100","tax","invoice","-model10[02] || -model10_table5[06] || +model30_table6[10] || +model30_table6[11] || +model30_table6[14] || +model30_table8[37]","chart_2422",""
"","","","","","","","","","","","","","","","100","base","refund","+model10_table5[03] || +model30_table8[35]","",""
"","","","","","","","","","","","","","","","100","tax","refund","-model10[02] || -model10_table5[06] || +model30_table6[10] || +model30_table6[11] || +model30_table6[14] || +model30_table8[37]","chart_2422",""
"ret20_b","Retenção 20% - Atividades de Elevado Valor Acrescentado (B)","RET20","RET20","151","-20","percent","purchase","tax_group_ret_20","","","IRS","NS","PT","","","","","","",""
"","","","","","","","","","","","","","","","100","base","invoice","+model10_table5[03] || +model30_table8[35]","",""
"","","","","","","","","","","","","","","","100","tax","invoice","-model10[02] || -model10_table5[06] || +model30_table6[10] || +model30_table6[11] || +model30_table6[14] || +model30_table8[37]","chart_2422",""
"","","","","","","","","","","","","","","","100","base","refund","+model10_table5[03] || +model30_table8[35]","",""
"","","","","","","","","","","","","","","","100","tax","refund","-model10[02] || -model10_table5[06] || +model30_table6[10] || +model30_table6[11] || +model30_table6[14] || +model30_table8[37]","chart_2422",""
"ret16_5_b","Retenção 16.5% - Rendimentos Provenientes de Propriedade Intelectual","RET16.5","RET16.5","152","-16.5","percent","purchase","tax_group_ret_16_5","","","IRS","NS","PT","","","","","","",""
"","","","","","","","","","","","","","","","100","base","invoice","+model10_table5[03] || +model30_table8[35]","",""
"","","","","","","","","","","","","","","","100","tax","invoice","-model10[02] || -model10_table5[06] || +model30_table6[10] || +model30_table6[11] || +model30_table6[14] || +model30_table8[37]","chart_2422",""
"","","","","","","","","","","","","","","","100","base","refund","+model10_table5[03] || +model30_table8[35]","",""
"","","","","","","","","","","","","","","","100","tax","refund","-model10[02] || -model10_table5[06] || +model30_table6[10] || +model30_table6[11] || +model30_table6[14] || +model30_table8[37]","chart_2422",""
"ret23_b","Retenção 23% - Rendimentos Profissionais","RET23","RET23","153","-23","percent","purchase","tax_group_ret_25","","","IRS","NS","PT","","","","","","",""
"","","","","","","","","","","","","","","","100","base","invoice","+model10_table5[03] || +model30_table8[35]","",""
"","","","","","","","","","","","","","","","100","tax","invoice","-model10[02] || -model10_table5[06] || +model30_table6[10] || +model30_table6[11] || +model30_table6[14] || +model30_table8[37]","chart_2422",""
"","","","","","","","","","","","","","","","100","base","refund","+model10_table5[03] || +model30_table8[35]","",""
"","","","","","","","","","","","","","","","100","tax","refund","-model10[02] || -model10_table5[06] || +model30_table6[10] || +model30_table6[11] || +model30_table6[14] || +model30_table8[37]","chart_2422",""
"ret35_b","Retenção à Taxa Liberatória 35% - Rendimentos Profissionais","RET35","RET35","154","-35","percent","purchase","tax_group_ret_35","","","IRS","NS","PT","","","","","","",""
"","","","","","","","","","","","","","","","100","base","invoice","+model10_table5[03] || +model30_table8[35]","",""
"","","","","","","","","","","","","","","","100","tax","invoice","-model10[02] || -model10_table5[06] || +model30_table6[10] || +model30_table6[11] || +model30_table6[14] || +model30_table8[37]","chart_2422",""
"","","","","","","","","","","","","","","","100","base","refund","+model10_table5[03] || +model30_table8[35]","",""
"","","","","","","","","","","","","","","","100","tax","refund","-model10[02] || -model10_table5[06] || +model30_table6[10] || +model30_table6[11] || +model30_table6[14] || +model30_table8[37]","chart_2422",""
"ret0_e","Retenção 0% - Rendimentos Isentos (E)","RET0E","RET0E","155","0","percent","purchase","tax_group_ret_0","","","IRS","NS","PT","","","","","","",""
"","","","","","","","","","","","","","","","100","base","invoice","+model10_table5[03] || +model30_table8[35]","",""
"","","","","","","","","","","","","","","","100","tax","invoice","","",""
"","","","","","","","","","","","","","","","100","base","refund","+model10_table5[03] || +model30_table8[35]","",""
"","","","","","","","","","","","","","","","100","tax","refund","","",""
"ret25_e","Retenção 25% - Rendimentos de Capital (IRS)","RET25","RET25","156","-25","percent","purchase","tax_group_ret_25","","","IRS","NS","PT","","","","","","",""
"","","","","","","","","","","","","","","","100","base","invoice","+model10_table5[03] || +model30_table8[35]","",""
"","","","","","","","","","","","","","","","100","tax","invoice","-model10[03] || -model10_table5[06] || +model30_table6[06] || +model30_table6[07] || +model30_table6[08] || +model30_table8[37]","chart_24231",""
"","","","","","","","","","","","","","","","100","base","refund","+model10_table5[03] || +model30_table8[35]","",""
"","","","","","","","","","","","","","","","100","tax","refund","-model10[03] || -model10_table5[06] || +model30_table6[06] || +model30_table6[07] || +model30_table6[08] || +model30_table8[37]","chart_24231",""
"ret25_e_irc","Retenção 25% - Rendimentos de Capital (IRC)","RET25","RET25","157","-25","percent","purchase","tax_group_ret_25","","","IRC","NS","PT","","","","","","",""
"","","","","","","","","","","","","","","","100","base","invoice","+model10_table5[03] || +model30_table8[35]","",""
"","","","","","","","","","","","","","","","100","tax","invoice","-model10[08] || -model10_table5[06] || +model30_table6[06] || +model30_table6[07] || +model30_table6[08] || +model30_table8[37]","chart_2414",""
"","","","","","","","","","","","","","","","100","base","refund","+model10_table5[03] || +model30_table8[35]","",""
"","","","","","","","","","","","","","","","100","tax","refund","-model10[08] || -model10_table5[06] || +model30_table6[06] || +model30_table6[07] || +model30_table6[08] || +model30_table8[37]","chart_2414",""
"ret35_e","Retenção 35% - Rendimentos de Capital","RET35","RET35","158","-35","percent","purchase","tax_group_ret_35","","","IRS","NS","PT","","","","","","",""
"","","","","","","","","","","","","","","","100","base","invoice","+model10_table5[03] || +model30_table8[35]","",""
"","","","","","","","","","","","","","","","100","tax","invoice","-model10[03] || -model10_table5[06] || +model30_table6[06] || +model30_table6[07] || +model30_table6[08] || +model30_table8[37]","chart_24231",""
"","","","","","","","","","","","","","","","100","base","refund","+model10_table5[03] || +model30_table8[35]","",""
"","","","","","","","","","","","","","","","100","tax","refund","-model10[03] || -model10_table5[06] || +model30_table6[06] || +model30_table6[07] || +model30_table6[08] || +model30_table8[37]","chart_24231",""
"ret28_e","Retenção 28% - Rendimentos de Capital","RET28","RET28","159","-28","percent","purchase","tax_group_ret_28","","","IRS","NS","PT","","","","","","",""
"","","","","","","","","","","","","","","","100","base","invoice","+model10_table5[03] || +model30_table8[35]","",""
"","","","","","","","","","","","","","","","100","tax","invoice","-model10[03] || -model10_table5[06] || +model30_table6[06] || +model30_table6[07] || +model30_table6[08] || +model30_table8[37]","chart_24231",""
"","","","","","","","","","","","","","","","100","base","refund","+model10_table5[03] || +model30_table8[35]","",""
"","","","","","","","","","","","","","","","100","tax","refund","-model10[03] || -model10_table5[06] || +model30_table6[06] || +model30_table6[07] || +model30_table6[08] || +model30_table8[37]","chart_24231",""
"ret0_f","Retenção 0% - Rendimentos Isentos (F)","RET0F","RET0F","160","0","percent","purchase","tax_group_ret_0","","","IRS","NS","PT","","","","","","",""
"","","","","","","","","","","","","","","","100","base","invoice","+model10_table5[03] || +model30_table8[35]","",""
"","","","","","","","","","","","","","","","100","tax","invoice","","",""
"","","","","","","","","","","","","","","","100","base","refund","+model10_table5[03] || +model30_table8[35]","",""
"","","","","","","","","","","","","","","","100","tax","refund","","",""
"ret25_f","Retenção 25% - Rendimentos Prediais (IRS)","RET25","RET25","161","-25","percent","purchase","tax_group_ret_25","","","IRS","NS","PT","","","","","","",""
"","","","","","","","","","","","","","","","100","base","invoice","+model10_table5[03] || +model30_table8[35]","",""
"","","","","","","","","","","","","","","","100","tax","invoice","-model10[05] || -model10_table5[06] || +model30_table6[12] || +model30_table8[37]","chart_24241",""
"","","","","","","","","","","","","","","","100","base","refund","+model10_table5[03] || +model30_table8[35]","",""
"","","","","","","","","","","","","","","","100","tax","refund","-model10[05] || -model10_table5[06] || +model30_table6[12] || +model30_table8[37]","chart_24241",""
"ret25_f_irc","Retenção 25% - Rendimentos Prediais (IRC)","RET25","RET25","162","-25","percent","purchase","tax_group_ret_25","","","IRC","NS","PT","","","","","","",""
"","","","","","","","","","","","","","","","100","base","invoice","+model10_table5[03] || +model30_table8[35]","",""
"","","","","","","","","","","","","","","","100","tax","invoice","-model10[08] || -model10_table5[06] || +model30_table6[12] || +model30_table8[37]","chart_2414",""
"","","","","","","","","","","","","","","","100","base","refund","+model10_table5[03] || +model30_table8[35]","",""
"","","","","","","","","","","","","","","","100","tax","refund","-model10[08] || -model10_table5[06] || +model30_table6[12] || +model30_table8[37]","chart_2414",""
"ret20_f","Retenção 20% - Rendimentos Prediais (Açores)","RET20","RET20","163","-20","percent","purchase","tax_group_ret_20","","","IRS","NS","PT","","","","","","",""
"","","","","","","","","","","","","","","","100","base","invoice","+model10_table5[03] || +model30_table8[35]","",""
"","","","","","","","","","","","","","","","100","tax","invoice","-model10[05] || -model10_table5[06] || +model30_table6[12] || +model30_table8[37]","chart_24241",""
"","","","","","","","","","","","","","","","100","base","refund","+model10_table5[03] || +model30_table8[35]","",""
"","","","","","","","","","","","","","","","100","tax","refund","-model10[05] || -model10_table5[06] || +model30_table6[12] || +model30_table8[37]","chart_24241",""
"ret0_g","Retenção 0% - Rendimentos Isentos (G)","RET0G","RET0G","164","0","percent","purchase","tax_group_ret_0","","","IRS","NS","PT","","","","","","",""
"","","","","","","","","","","","","","","","100","base","invoice","+model10_table5[03] || +model30_table8[35]","",""
"","","","","","","","","","","","","","","","100","tax","invoice","","",""
"","","","","","","","","","","","","","","","100","base","refund","+model10_table5[03] || +model30_table8[35]","",""
"","","","","","","","","","","","","","","","100","tax","refund","","",""
"ret25_g","Retenção 25% - Incrementos Patrimoniais","RET25","RET25","165","-25","percent","purchase","tax_group_ret_25","","","IRS","NS","PT","","","","","","",""
"","","","","","","","","","","","","","","","100","base","invoice","+model10_table5[03] || +model30_table8[35]","",""
"","","","","","","","","","","","","","","","100","tax","invoice","-model10[06] || -model10_table5[06] || +model30_table6[16] || +model30_table8[37]","chart_2425",""
"","","","","","","","","","","","","","","","100","base","refund","+model10_table5[03] || +model30_table8[35]","",""
"","","","","","","","","","","","","","","","100","tax","refund","-model10[06] || -model10_table5[06] || +model30_table6[16] || +model30_table8[37]","chart_2425",""
"ret35_g","Retenção 35% - Incrementos Patrimoniais","RET35","RET35","166","-35","percent","purchase","tax_group_ret_35","","","IRS","NS","PT","","","","","","",""
"","","","","","","","","","","","","","","","100","base","invoice","+model10_table5[03] || +model30_table8[35]","",""
"","","","","","","","","","","","","","","","100","tax","invoice","-model10[06] || -model10_table5[06] || +model30_table6[16] || +model30_table8[37]","chart_2425",""
"","","","","","","","","","","","","","","","100","base","refund","+model10_table5[03] || +model30_table8[35]","",""
"","","","","","","","","","","","","","","","100","tax","refund","-model10[06] || -model10_table5[06] || +model30_table6[16] || +model30_table8[37]","chart_2425",""
"ret0_h","Retenção 0% - Rendimentos Isentos (H)","RET0H","RET0H","167","0","percent","purchase","tax_group_ret_0","","","IRS","NS","PT","","","","","","",""
"","","","","","","","","","","","","","","","100","base","invoice","+model10_table5[03] || +model30_table8[35]","",""
"","","","","","","","","","","","","","","","100","tax","invoice","","",""
"","","","","","","","","","","","","","","","100","base","refund","+model10_table5[03] || +model30_table8[35]","",""
"","","","","","","","","","","","","","","","100","tax","refund","","",""
"ret25_h","Retenção 25% - Pensões","RET25","RET25","168","-25","percent","purchase","tax_group_ret_25","","","IRS","NS","PT","","","","","","",""
"","","","","","","","","","","","","","","","100","base","invoice","+model10_table5[03] || +model30_table8[35]","",""
"","","","","","","","","","","","","","","","100","tax","invoice","-model10[07] || -model10_table5[06] || +model30_table6[13] || +model30_table8[37] || +model30_table6[41]","chart_2426",""
"","","","","","","","","","","","","","","","100","base","refund","+model10_table5[03] || +model30_table8[35]","",""
"","","","","","","","","","","","","","","","100","tax","refund","-model10[07] || -model10_table5[06] || +model30_table6[13] || +model30_table8[37] || +model30_table6[41]","chart_2426",""
"ret35_h","Retenção 35% - Pensões","RET35","RET35","169","-35","percent","purchase","tax_group_ret_35","","","IRS","NS","PT","","","","","","",""
"","","","","","","","","","","","","","","","100","base","invoice","+model10_table5[03] || +model30_table8[35]","",""
"","","","","","","","","","","","","","","","100","tax","invoice","-model10[07] || -model10_table5[06] || +model30_table6[13] || +model30_table8[37] || +model30_table6[41]","chart_2426",""
"","","","","","","","","","","","","","","","100","base","refund","+model10_table5[03] || +model30_table8[35]","",""
"","","","","","","","","","","","","","","","100","tax","refund","-model10[07] || -model10_table5[06] || +model30_table6[13] || +model30_table8[37] || +model30_table6[41]","chart_2426",""
